Fecha,Hora,Fecha_Hora,Titulo_completo,Titulo_base,Tipo,Temporada,Episodio_titulo,Episodio_num,Minutos_vistos,Dispositivo,Genero,Actor_1,Actor_2,Rotten_Tomatoes
2025-01-03,22:24:56,2025-01-03 22:24:56,The Conference,The Conference,pelicula,,,,94.9,Amazon FIRETVSTICK2023 Set Top Box,Comedy,Katia Winter,Adam Lundgren,72
2025-01-04,21:59:34,2025-01-04 21:59:34,"Squid Game: Season 1: Red Light, Green Light (Episode 1)",Squid Game,serie,1,"Red Light, Green Light",1,32.1,Amazon FIRETVSTICK2023 Set Top Box,Action,Lee Jung-jae,Wi Ha-joon,
2025-01-04,22:51:05,2025-01-04 22:51:05,"Squid Game: Season 1: Red Light, Green Light (Episode 1)",Squid Game,serie,1,"Red Light, Green Light",1,23.9,Amazon FIRETVSTICK2023 Set Top Box,Action,Lee Jung-jae,Wi Ha-joon,
2025-01-04,23:15:22,2025-01-04 23:15:22,Squid Game: Season 1: Hell (Episode 2),Squid Game,serie,1,Hell,2,58.0,Amazon FIRETVSTICK2023 Set Top Box,Action,Lee Jung-jae,Wi Ha-joon,
2025-01-05,00:14:26,2025-01-05 00:14:26,Squid Game: Season 1: The Man with the Umbrella (Episode 3),Squid Game,serie,1,The Man with the Umbrella,3,49.9,Amazon FIRETVSTICK2023 Set Top Box,Action,Lee Jung-jae,Wi Ha-joon,
2025-01-05,21:41:03,2025-01-05 21:41:03,Squid Game: Season 1: Stick to the Team (Episode 4),Squid Game,serie,1,Stick to the Team,4,51.0,Amazon FIRETVSTICK2023 Set Top Box,Action,Lee Jung-jae,Wi Ha-joon,
2025-01-05,22:32:11,2025-01-05 22:32:11,Squid Game: Season 1: A Fair World (Episode 5),Squid Game,serie,1,A Fair World,5,47.5,Amazon FIRETVSTICK2023 Set Top Box,Action,Lee Jung-jae,Wi Ha-joon,
2025-01-06,21:49:10,2025-01-06 21:49:10,Squid Game: Season 1: Gganbu (Episode 6),Squid Game,serie,1,Gganbu,6,57.4,Amazon FIRETVSTICK2023 Set Top Box,Action,Lee Jung-jae,Wi Ha-joon,
2025-01-06,22:46:37,2025-01-06 22:46:37,Squid Game: Season 1: VIPS (Episode 7),Squid Game,serie,1,VIPS,7,53.6,Amazon FIRETVSTICK2023 Set Top Box,Action,Lee Jung-jae,Wi Ha-joon,
2025-01-06,23:40:14,2025-01-06 23:40:14,Squid Game: Season 1: Front Man (Episode 8),Squid Game,serie,1,Front Man,8,28.0,Amazon FIRETVSTICK2023 Set Top Box,Action,Lee Jung-jae,Wi Ha-joon,
2025-01-07,00:08:18,2025-01-07 00:08:18,Squid Game: Season 1: One Lucky Day (Episode 9),Squid Game,serie,1,One Lucky Day,9,52.4,Amazon FIRETVSTICK2023 Set Top Box,Action,Lee Jung-jae,Wi Ha-joon,
2025-01-09,22:09:05,2025-01-09 22:09:05,The Office (U.S.): Season 1: Basketball (Episode 5),The Office (U.S.),serie,1,Basketball,5,3.0,Amazon FIRETVSTICK2023 Set Top Box,Comedy,Steve Carell,Jenna Fischer,
2025-01-09,22:13:38,2025-01-09 22:13:38,The Platform 2,The Platform 2,pelicula,,,,0.5,Amazon FIRETVSTICK2023 Set Top Box,Horror,Milena Smit,Hovik Keuchkerian,36
2025-01-09,22:14:57,2025-01-09 22:14:57,The Platform,The Platform,pelicula,,,,51.3,Amazon FIRETVSTICK2023 Set Top Box,Horror,Ivan Massagué,Zorion Eguileor,81
2025-01-10,22:02:19,2025-01-10 22:02:19,The Last Night at Tremore Beach: Limited Series: Don't Leave the House (Episode 1),The Last Night at Tremore Beach,serie,Limited Series,Don't Leave the House,1,57.8,Amazon FIRETVSTICK2023 Set Top Box,Drama,Javier Rey,Ana Polvorosa,
2025-01-10,23:00:12,2025-01-10 23:00:12,The Last Night at Tremore Beach: Limited Series: Blanchard (Episode 2),The Last Night at Tremore Beach,serie,Limited Series,Blanchard,2,39.4,Amazon FIRETVSTICK2023 Set Top Box,Drama,Javier Rey,Ana Polvorosa,
2025-01-18,19:49:57,2025-01-18 19:49:57,Carry-On,Carry-On,pelicula,,,,43.5,Amazon FIRETVSTICK2023 Set Top Box,Action,Taron Egerton,Jason Bateman,87
2025-01-19,13:42:31,2025-01-19 13:42:31,Carry-On,Carry-On,pelicula,,,,46.9,Amazon FIRETVSTICK2023 Set Top Box,Action,Taron Egerton,Jason Bateman,87
2025-01-19,14:44:29,2025-01-19 14:44:29,Carry-On,Carry-On,pelicula,,,,19.0,Amazon FIRETVSTICK2023 Set Top Box,Action,Taron Egerton,Jason Bateman,87
2025-01-19,15:04:07,2025-01-19 15:04:07,"XO, Kitty: Season 1: XO (Episode 1)","XO, Kitty",serie,1,XO,1,0.1,Amazon FIRETVSTICK2023 Set Top Box,Comedy,Anna Cathcart,Choi Min-yeong,
2025-01-19,15:06:14,2025-01-19 15:06:14,"XO, Kitty: Season 1: XO (Episode 1)","XO, Kitty",serie,1,XO,1,24.9,Amazon FIRETVSTICK2023 Set Top Box,Comedy,Anna Cathcart,Choi Min-yeong,
2025-01-19,15:31:08,2025-01-19 15:31:08,"XO, Kitty: Season 1: WTF (Episode 2)","XO, Kitty",serie,1,WTF,2,15.8,Amazon FIRETVSTICK2023 Set Top Box,Comedy,Anna Cathcart,Choi Min-yeong,
2025-01-19,15:47:21,2025-01-19 15:47:21,Fake Profile: Season 1: Dangerous Images (Episode 5),Fake Profile,serie,1,Dangerous Images,5,0.1,Amazon FIRETVSTICK2023 Set Top Box,Drama,Carolina Miranda,Rodolfo Salas,
2025-01-19,15:51:37,2025-01-19 15:51:37,Missing You: Limited Series: Every Breath You Take (Episode 1),Missing You,serie,Limited Series,Every Breath You Take,1,44.1,Amazon FIRETVSTICK2023 Set Top Box,Crime,Rosalind Eleazar,Ashley Walters,
2025-01-19,16:35:48,2025-01-19 16:35:48,Missing You: Limited Series: With or Without You (Episode 2),Missing You,serie,Limited Series,With or Without You,2,38.8,Amazon FIRETVSTICK2023 Set Top Box,Crime,Rosalind Eleazar,Ashley Walters,
2025-01-19,17:14:39,2025-01-19 17:14:39,Missing You: Limited Series: Never Too Much (Episode 3),Missing You,serie,Limited Series,Never Too Much,3,38.0,Amazon FIRETVSTICK2023 Set Top Box,Crime,Rosalind Eleazar,Ashley Walters,
2025-01-24,09:21:51,2025-01-24 09:21:51,Missing You: Limited Series: Never Too Much (Episode 3),Missing You,serie,Limited Series,Never Too Much,3,37.8,Amazon FIRETVSTICK2023 Set Top Box,Crime,Rosalind Eleazar,Ashley Walters,
2025-01-27,13:46:15,2025-01-27 13:46:15,Missing You: Limited Series: Never Too Much (Episode 3),Missing You,serie,Limited Series,Never Too Much,3,37.9,Amazon FIRETVSTICK2023 Set Top Box,Crime,Rosalind Eleazar,Ashley Walters,
2025-01-27,14:24:38,2025-01-27 14:24:38,Missing You: Limited Series: Never Too Much (Episode 3),Missing You,serie,Limited Series,Never Too Much,3,5.3,Amazon FIRETVSTICK2023 Set Top Box,Crime,Rosalind Eleazar,Ashley Walters,
2025-01-27,14:30:02,2025-01-27 14:30:02,Missing You: Limited Series: Don't You Forget About Me (Episode 4),Missing You,serie,Limited Series,Don't You Forget About Me,4,24.7,Amazon FIRETVSTICK2023 Set Top Box,Crime,Rosalind Eleazar,Ashley Walters,
2025-01-27,14:54:53,2025-01-27 14:54:53,Missing You: Limited Series: Don't You Forget About Me (Episode 4),Missing You,serie,Limited Series,Don't You Forget About Me,4,39.7,Amazon FIRETVSTICK2023 Set Top Box,Crime,Rosalind Eleazar,Ashley Walters,
2025-01-27,15:34:54,2025-01-27 15:34:54,Missing You: Limited Series: Chain Reaction (Episode 5),Missing You,serie,Limited Series,Chain Reaction,5,45.0,Amazon FIRETVSTICK2023 Set Top Box,Crime,Rosalind Eleazar,Ashley Walters,
2025-01-27,21:00:12,2025-01-27 21:00:12,Missing You: Limited Series: Every Breath You Take (Episode 1),Missing You,serie,Limited Series,Every Breath You Take,1,0.0,Amazon FIRETVSTICK2023 Set Top Box,Crime,Rosalind Eleazar,Ashley Walters,
2025-01-27,21:00:24,2025-01-27 21:00:24,Missing You: Limited Series: Chain Reaction (Episode 5),Missing You,serie,Limited Series,Chain Reaction,5,25.1,Amazon FIRETVSTICK2023 Set Top Box,Crime,Rosalind Eleazar,Ashley Walters,
2025-01-29,20:28:41,2025-01-29 20:28:41,Missing You: Limited Series: Chain Reaction (Episode 5),Missing You,serie,Limited Series,Chain Reaction,5,17.6,Amazon FIRETVSTICK2023 Set Top Box,Crime,Rosalind Eleazar,Ashley Walters,
2025-01-29,20:47:24,2025-01-29 20:47:24,The Night Agent: Season 2: Call Tracking (Episode 1),The Night Agent,serie,2,Call Tracking,1,0.0,Amazon FIRETVSTICK2023 Set Top Box,Action,Gabriel Basso,Fola Evans-Akingbola,
2025-01-29,20:47:38,2025-01-29 20:47:38,The Night Agent: Season 2: Disconnected (Episode 2),The Night Agent,serie,2,Disconnected,2,46.6,Amazon FIRETVSTICK2023 Set Top Box,Action,Gabriel Basso,Fola Evans-Akingbola,
2025-02-01,21:02:07,2025-02-01 21:02:07,The Night Agent: Season 2: Government Property (Episode 3),The Night Agent,serie,2,Government Property,3,50.1,Amazon FIRETVSTICK2023 Set Top Box,Action,Gabriel Basso,Fola Evans-Akingbola,
2025-02-01,21:52:16,2025-02-01 21:52:16,The Night Agent: Season 2: Desperate Measures (Episode 4),The Night Agent,serie,2,Desperate Measures,4,50.4,Amazon FIRETVSTICK2023 Set Top Box,Action,Gabriel Basso,Fola Evans-Akingbola,
2025-02-01,22:42:44,2025-02-01 22:42:44,The Night Agent: Season 2: A Family Matter (Episode 5),The Night Agent,serie,2,A Family Matter,5,46.6,Amazon FIRETVSTICK2023 Set Top Box,Action,Gabriel Basso,Fola Evans-Akingbola,
2025-02-01,23:29:23,2025-02-01 23:29:23,The Night Agent: Season 2: A Good Agent (Episode 6),The Night Agent,serie,2,A Good Agent,6,48.9,Amazon FIRETVSTICK2023 Set Top Box,Action,Gabriel Basso,Fola Evans-Akingbola,
2025-02-02,00:18:21,2025-02-02 00:18:21,The Night Agent: Season 2: Tilt (Episode 7),The Night Agent,serie,2,Tilt,7,48.4,Amazon FIRETVSTICK2023 Set Top Box,Action,Gabriel Basso,Fola Evans-Akingbola,
2025-02-02,01:06:53,2025-02-02 01:06:53,The Night Agent: Season 2: Divergence (Episode 8),The Night Agent,serie,2,Divergence,8,48.9,Amazon FIRETVSTICK2023 Set Top Box,Action,Gabriel Basso,Fola Evans-Akingbola,
2025-02-02,01:55:46,2025-02-02 01:55:46,The Night Agent: Season 2: Cultural Exchange (Episode 9),The Night Agent,serie,2,Cultural Exchange,9,39.5,Amazon FIRETVSTICK2023 Set Top Box,Action,Gabriel Basso,Fola Evans-Akingbola,
2025-02-02,02:35:18,2025-02-02 02:35:18,The Night Agent: Season 2: Buyer's Remorse (Episode 10),The Night Agent,serie,2,Buyer's Remorse,10,40.8,Amazon FIRETVSTICK2023 Set Top Box,Action,Gabriel Basso,Fola Evans-Akingbola,
2025-02-02,03:16:43,2025-02-02 03:16:43,The Resident: Season 1: No Matter the Cost (Episode 6),The Resident,serie,1,No Matter the Cost,6,8.1,Amazon FIRETVSTICK2023 Set Top Box,Drama,Matt Czuchry,Manish Dayal,
2025-02-18,21:37:09,2025-02-18 21:37:09,Apple Cider Vinegar: Limited Series: Toxic (Episode 1),Apple Cider Vinegar,serie,Limited Series,Toxic,1,66.3,Amazon FIRETVSTICK2023 Set Top Box,Biography,Kaitlyn Dever,Alycia Debnam-Carey,
2025-02-18,22:43:48,2025-02-18 22:43:48,Apple Cider Vinegar: Limited Series: Clean Sheets (Episode 2),Apple Cider Vinegar,serie,Limited Series,Clean Sheets,2,59.2,Amazon FIRETVSTICK2023 Set Top Box,Biography,Kaitlyn Dever,Alycia Debnam-Carey,
2025-02-18,23:43:02,2025-02-18 23:43:02,Apple Cider Vinegar: Limited Series: Pink Dolphins (Episode 3),Apple Cider Vinegar,serie,Limited Series,Pink Dolphins,3,62.0,Amazon FIRETVSTICK2023 Set Top Box,Biography,Kaitlyn Dever,Alycia Debnam-Carey,
2025-02-19,00:45:04,2025-02-19 00:45:04,Apple Cider Vinegar: Limited Series: Mama Aya (Episode 4),Apple Cider Vinegar,serie,Limited Series,Mama Aya,4,0.1,Amazon FIRETVSTICK2023 Set Top Box,Biography,Kaitlyn Dever,Alycia Debnam-Carey,
2025-02-22,01:07:50,2025-02-22 01:07:50,Apple Cider Vinegar: Limited Series: Mama Aya (Episode 4),Apple Cider Vinegar,serie,Limited Series,Mama Aya,4,60.8,Xiaomi aquaman Streaming Stick,Biography,Kaitlyn Dever,Alycia Debnam-Carey,
2025-02-22,02:08:46,2025-02-22 02:08:46,Apple Cider Vinegar: Limited Series: Casseroles (Episode 5),Apple Cider Vinegar,serie,Limited Series,Casseroles,5,61.6,Xiaomi aquaman Streaming Stick,Biography,Kaitlyn Dever,Alycia Debnam-Carey,
2025-02-22,03:10:24,2025-02-22 03:10:24,Apple Cider Vinegar: Limited Series: Tapeworm (Episode 6),Apple Cider Vinegar,serie,Limited Series,Tapeworm,6,60.5,Xiaomi aquaman Streaming Stick,Biography,Kaitlyn Dever,Alycia Debnam-Carey,
2025-02-22,14:34:06,2025-02-22 14:34:06,Zero Day: Limited Series: Episode 1 (Episode 1),Zero Day,serie,Limited Series,Episode 1,1,0.1,Xiaomi soul Streaming Stick,Drama,Robert De Niro,Jesse Plemons,
2025-02-22,14:34:22,2025-02-22 14:34:22,Zero Day: Limited Series: Episode 1 (Episode 1),Zero Day,serie,Limited Series,Episode 1,1,32.2,Xiaomi soul Streaming Stick,Drama,Robert De Niro,Jesse Plemons,
2025-02-22,15:18:56,2025-02-22 15:18:56,Zero Day: Limited Series: Episode 1 (Episode 1),Zero Day,serie,Limited Series,Episode 1,1,14.3,Xiaomi soul Streaming Stick,Drama,Robert De Niro,Jesse Plemons,
2025-02-22,15:33:22,2025-02-22 15:33:22,Zero Day: Limited Series: Episode 2 (Episode 2),Zero Day,serie,Limited Series,Episode 2,2,54.5,Xiaomi soul Streaming Stick,Drama,Robert De Niro,Jesse Plemons,
2025-02-22,16:27:53,2025-02-22 16:27:53,Zero Day: Limited Series: Episode 3 (Episode 3),Zero Day,serie,Limited Series,Episode 3,3,45.7,Xiaomi soul Streaming Stick,Drama,Robert De Niro,Jesse Plemons,
2025-02-22,17:13:39,2025-02-22 17:13:39,Zero Day: Limited Series: Episode 4 (Episode 4),Zero Day,serie,Limited Series,Episode 4,4,94.5,Xiaomi soul Streaming Stick,Drama,Robert De Niro,Jesse Plemons,
2025-02-22,18:54:44,2025-02-22 18:54:44,Zero Day: Limited Series: Episode 5 (Episode 5),Zero Day,serie,Limited Series,Episode 5,5,39.3,Xiaomi soul Streaming Stick,Drama,Robert De Niro,Jesse Plemons,
2025-02-22,19:34:06,2025-02-22 19:34:06,Zero Day: Limited Series: Episode 6 (Episode 6),Zero Day,serie,Limited Series,Episode 6,6,44.4,Xiaomi soul Streaming Stick,Drama,Robert De Niro,Jesse Plemons,
2025-02-23,21:44:39,2025-02-23 21:44:39,Zero Day: Limited Series: Episode 6 (Episode 6),Zero Day,serie,Limited Series,Episode 6,6,0.1,Xiaomi soul Streaming Stick,Drama,Robert De Niro,Jesse Plemons,
2025-02-23,21:45:20,2025-02-23 21:45:20,Zero Day: Limited Series: Episode 4 (Episode 4),Zero Day,serie,Limited Series,Episode 4,4,0.8,Xiaomi soul Streaming Stick,Drama,Robert De Niro,Jesse Plemons,
2025-02-23,21:46:35,2025-02-23 21:46:35,Zero Day: Limited Series: Episode 3 (Episode 3),Zero Day,serie,Limited Series,Episode 3,3,2.4,Xiaomi soul Streaming Stick,Drama,Robert De Niro,Jesse Plemons,
2025-02-23,21:49:16,2025-02-23 21:49:16,Zero Day: Limited Series: Episode 3 (Episode 3),Zero Day,serie,Limited Series,Episode 3,3,43.5,Xiaomi soul Streaming Stick,Drama,Robert De Niro,Jesse Plemons,
2025-02-23,22:32:51,2025-02-23 22:32:51,Zero Day: Limited Series: Episode 4 (Episode 4),Zero Day,serie,Limited Series,Episode 4,4,49.4,Xiaomi soul Streaming Stick,Drama,Robert De Niro,Jesse Plemons,
2025-02-23,23:22:15,2025-02-23 23:22:15,Zero Day: Limited Series: Episode 5 (Episode 5),Zero Day,serie,Limited Series,Episode 5,5,39.3,Xiaomi soul Streaming Stick,Drama,Robert De Niro,Jesse Plemons,
2025-02-24,00:01:37,2025-02-24 00:01:37,Zero Day: Limited Series: Episode 6 (Episode 6),Zero Day,serie,Limited Series,Episode 6,6,0.1,Xiaomi soul Streaming Stick,Drama,Robert De Niro,Jesse Plemons,
2025-02-24,00:09:33,2025-02-24 00:09:33,Zero Day: Limited Series: Episode 6 (Episode 6),Zero Day,serie,Limited Series,Episode 6,6,50.8,Xiaomi aquaman Streaming Stick,Drama,Robert De Niro,Jesse Plemons,
2025-02-24,01:02:31,2025-02-24 01:02:31,Apple Cider Vinegar: Limited Series: Tapeworm (Episode 6),Apple Cider Vinegar,serie,Limited Series,Tapeworm,6,59.4,Xiaomi aquaman Streaming Stick,Biography,Kaitlyn Dever,Alycia Debnam-Carey,
2025-02-24,02:02:42,2025-02-24 02:02:42,Envious: Season 1: All About Vicky (Episode 1),Envious,serie,1,All About Vicky,1,0.1,Xiaomi aquaman Streaming Stick,Comedy,Pilar Uribe,Griselda Siciliani,
2025-02-24,02:05:10,2025-02-24 02:05:10,Envious: Season 2: Head-On Collision (Episode 1),Envious,serie,2,Head-On Collision,1,24.8,Xiaomi aquaman Streaming Stick,Comedy,Pilar Uribe,Griselda Siciliani,
2025-02-24,02:30:01,2025-02-24 02:30:01,Envious: Season 2: When It Rains It Pours (Episode 2),Envious,serie,2,When It Rains It Pours,2,20.6,Xiaomi aquaman Streaming Stick,Comedy,Pilar Uribe,Griselda Siciliani,
2025-02-24,02:50:38,2025-02-24 02:50:38,Envious: Season 2: Something's Missing (Episode 3),Envious,serie,2,Something's Missing,3,22.5,Xiaomi aquaman Streaming Stick,Comedy,Pilar Uribe,Griselda Siciliani,
2025-02-24,03:13:12,2025-02-24 03:13:12,Envious: Season 2: The Sect (Episode 4),Envious,serie,2,The Sect,4,23.6,Xiaomi aquaman Streaming Stick,Comedy,Pilar Uribe,Griselda Siciliani,
2025-02-24,03:36:53,2025-02-24 03:36:53,Envious: Season 2: Flying High (Episode 5),Envious,serie,2,Flying High,5,0.1,Xiaomi aquaman Streaming Stick,Comedy,Pilar Uribe,Griselda Siciliani,
2025-02-24,18:40:12,2025-02-24 18:40:12,Envious: Season 2: When It Rains It Pours (Episode 2),Envious,serie,2,When It Rains It Pours,2,20.6,Xiaomi soul Streaming Stick,Comedy,Pilar Uribe,Griselda Siciliani,
2025-02-24,19:03:31,2025-02-24 19:03:31,Envious: Season 2: Something's Missing (Episode 3),Envious,serie,2,Something's Missing,3,22.5,Xiaomi soul Streaming Stick,Comedy,Pilar Uribe,Griselda Siciliani,
2025-02-24,19:26:05,2025-02-24 19:26:05,Envious: Season 2: The Sect (Episode 4),Envious,serie,2,The Sect,4,23.6,Xiaomi soul Streaming Stick,Comedy,Pilar Uribe,Griselda Siciliani,
2025-02-24,19:50:23,2025-02-24 19:50:23,Envious: Season 2: Flying High (Episode 5),Envious,serie,2,Flying High,5,23.5,Xiaomi soul Streaming Stick,Comedy,Pilar Uribe,Griselda Siciliani,
2025-02-24,20:13:56,2025-02-24 20:13:56,Envious: Season 2: Love Ninja (Episode 6),Envious,serie,2,Love Ninja,6,26.7,Xiaomi soul Streaming Stick,Comedy,Pilar Uribe,Griselda Siciliani,
2025-02-24,20:40:42,2025-02-24 20:40:42,Envious: Season 2: Leg or Thigh (Episode 7),Envious,serie,2,Leg or Thigh,7,6.3,Xiaomi soul Streaming Stick,Comedy,Pilar Uribe,Griselda Siciliani,
2025-02-24,21:24:31,2025-02-24 21:24:31,Envious: Season 2: Leg or Thigh (Episode 7),Envious,serie,2,Leg or Thigh,7,17.1,Xiaomi soul Streaming Stick,Comedy,Pilar Uribe,Griselda Siciliani,
2025-02-24,21:41:41,2025-02-24 21:41:41,Envious: Season 2: Offside Romance (Episode 8),Envious,serie,2,Offside Romance,8,26.2,Xiaomi soul Streaming Stick,Comedy,Pilar Uribe,Griselda Siciliani,
2025-02-24,22:07:58,2025-02-24 22:07:58,Envious: Season 2: A World of Coincidence (Episode 9),Envious,serie,2,A World of Coincidence,9,31.1,Xiaomi soul Streaming Stick,Comedy,Pilar Uribe,Griselda Siciliani,
2025-02-24,22:39:15,2025-02-24 22:39:15,Envious: Season 2: Maternity Graduate (Episode 10),Envious,serie,2,Maternity Graduate,10,25.1,Xiaomi soul Streaming Stick,Comedy,Pilar Uribe,Griselda Siciliani,
2025-02-24,23:04:20,2025-02-24 23:04:20,Envious: Season 2: A Perfect Breakfast (Episode 11),Envious,serie,2,A Perfect Breakfast,11,24.9,Xiaomi soul Streaming Stick,Comedy,Pilar Uribe,Griselda Siciliani,
2025-02-24,23:29:40,2025-02-24 23:29:40,Cassandra: Limited Series: A Fresh Start (Episode 1),Cassandra,serie,Limited Series,A Fresh Start,1,44.1,Xiaomi soul Streaming Stick,Drama,Lavinia Wilson,Franz Hartwig,
2025-02-25,00:13:49,2025-02-25 00:13:49,Cassandra: Limited Series: Who Am I (Episode 2),Cassandra,serie,Limited Series,Who Am I,2,13.2,Xiaomi soul Streaming Stick,Drama,Lavinia Wilson,Franz Hartwig,
2025-02-25,00:37:50,2025-02-25 00:37:50,The Recruit: Season 1: I.N.A.S.I.A.L. (Episode 1),The Recruit,serie,1,I.N.A.S.I.A.L.,1,48.7,Xiaomi aquaman Streaming Stick,Action,Noah Centineo,Aarti Mann,
2025-02-25,01:26:40,2025-02-25 01:26:40,The Recruit: Season 1: N.L.T.S.Y.P. (Episode 2),The Recruit,serie,1,N.L.T.S.Y.P.,2,53.9,Xiaomi aquaman Streaming Stick,Action,Noah Centineo,Aarti Mann,
2025-02-25,02:20:34,2025-02-25 02:20:34,The Recruit: Season 1: Y.D.E.K.W.Y.D. (Episode 3),The Recruit,serie,1,Y.D.E.K.W.Y.D.,3,50.1,Xiaomi aquaman Streaming Stick,Action,Noah Centineo,Aarti Mann,
2025-02-25,03:10:42,2025-02-25 03:10:42,The Recruit: Season 1: I.Y.D.I.A.A.C. (Episode 4),The Recruit,serie,1,I.Y.D.I.A.A.C.,4,0.1,Xiaomi aquaman Streaming Stick,Action,Noah Centineo,Aarti Mann,
2025-02-25,19:03:52,2025-02-25 19:03:52,The Recruit: Season 1: I.Y.D.I.A.A.C. (Episode 4),The Recruit,serie,1,I.Y.D.I.A.A.C.,4,0.2,Xiaomi soul Streaming Stick,Action,Noah Centineo,Aarti Mann,
2025-02-25,19:04:18,2025-02-25 19:04:18,The Recruit: Season 1: N.L.T.S.Y.P. (Episode 2),The Recruit,serie,1,N.L.T.S.Y.P.,2,55.0,Xiaomi soul Streaming Stick,Action,Noah Centineo,Aarti Mann,
2025-02-25,20:00:23,2025-02-25 20:00:23,The Recruit: Season 1: Y.D.E.K.W.Y.D. (Episode 3),The Recruit,serie,1,Y.D.E.K.W.Y.D.,3,50.1,Xiaomi soul Streaming Stick,Action,Noah Centineo,Aarti Mann,
2025-02-25,20:50:29,2025-02-25 20:50:29,The Recruit: Season 1: I.Y.D.I.A.A.C. (Episode 4),The Recruit,serie,1,I.Y.D.I.A.A.C.,4,28.9,Xiaomi soul Streaming Stick,Action,Noah Centineo,Aarti Mann,
2025-03-14,20:00:53,2025-03-14 20:00:53,Adolescence: Limited Series: Episode 1 (Episode 1),Adolescence,serie,Limited Series,Episode 1,1,64.4,Amazon FIRETVSTICK2023 Set Top Box,Crime,Stephen Graham,Owen Cooper,
2025-03-14,21:05:27,2025-03-14 21:05:27,Adolescence: Limited Series: Episode 2 (Episode 2),Adolescence,serie,Limited Series,Episode 2,2,48.1,Amazon FIRETVSTICK2023 Set Top Box,Crime,Stephen Graham,Owen Cooper,
2025-03-14,21:53:36,2025-03-14 21:53:36,Adolescence: Limited Series: Episode 3 (Episode 3),Adolescence,serie,Limited Series,Episode 3,3,50.3,Amazon FIRETVSTICK2023 Set Top Box,Crime,Stephen Graham,Owen Cooper,
2025-03-14,22:43:56,2025-03-14 22:43:56,Adolescence: Limited Series: Episode 4 (Episode 4),Adolescence,serie,Limited Series,Episode 4,4,54.7,Amazon FIRETVSTICK2023 Set Top Box,Crime,Stephen Graham,Owen Cooper,
2025-03-15,11:18:08,2025-03-15 11:18:08,Adolescence: Limited Series: Episode 4 (Episode 4),Adolescence,serie,Limited Series,Episode 4,4,9.6,Amazon FIRETVSTICK2023 Set Top Box,Crime,Stephen Graham,Owen Cooper,
2025-03-15,11:31:15,2025-03-15 11:31:15,Running Point: Season 1: Pilot (Episode 1),Running Point,serie,1,Pilot,1,28.4,Amazon FIRETVSTICK2023 Set Top Box,Comedy,Kate Hudson,Brenda Song,
2025-03-15,11:59:42,2025-03-15 11:59:42,Running Point: Season 1: Joe Pesci (Episode 2),Running Point,serie,1,Joe Pesci,2,30.1,Amazon FIRETVSTICK2023 Set Top Box,Comedy,Kate Hudson,Brenda Song,
2025-03-15,12:29:49,2025-03-15 12:29:49,Running Point: Season 1: The Travis Bugg Affair (Episode 3),Running Point,serie,1,The Travis Bugg Affair,3,2.6,Amazon FIRETVSTICK2023 Set Top Box,Comedy,Kate Hudson,Brenda Song,
2025-03-15,15:29:34,2025-03-15 15:29:34,Running Point: Season 1: The Travis Bugg Affair (Episode 3),Running Point,serie,1,The Travis Bugg Affair,3,30.1,Amazon FIRETVSTICK2023 Set Top Box,Comedy,Kate Hudson,Brenda Song,
2025-03-15,15:59:56,2025-03-15 15:59:56,Running Point: Season 1: Doljanchi (Episode 4),Running Point,serie,1,Doljanchi,4,23.5,Amazon FIRETVSTICK2023 Set Top Box,Comedy,Kate Hudson,Brenda Song,
2025-03-15,16:23:25,2025-03-15 16:23:25,Running Point: Season 1: Beshert (Episode 5),Running Point,serie,1,Beshert,5,28.1,Amazon FIRETVSTICK2023 Set Top Box,Comedy,Kate Hudson,Brenda Song,
2025-03-15,16:51:35,2025-03-15 16:51:35,Running Point: Season 1: The Yips (Episode 6),Running Point,serie,1,The Yips,6,25.3,Amazon FIRETVSTICK2023 Set Top Box,Comedy,Kate Hudson,Brenda Song,
2025-03-15,17:16:53,2025-03-15 17:16:53,Running Point: Season 1: A Special Place in Hell (Episode 7),Running Point,serie,1,A Special Place in Hell,7,26.8,Amazon FIRETVSTICK2023 Set Top Box,Comedy,Kate Hudson,Brenda Song,
2025-03-15,17:43:40,2025-03-15 17:43:40,Running Point: Season 1: The Streak (Episode 8),Running Point,serie,1,The Streak,8,24.1,Amazon FIRETVSTICK2023 Set Top Box,Comedy,Kate Hudson,Brenda Song,
2025-03-15,18:22:53,2025-03-15 18:22:53,Running Point: Season 1: The Streak (Episode 8),Running Point,serie,1,The Streak,8,4.7,Amazon FIRETVSTICK2023 Set Top Box,Comedy,Kate Hudson,Brenda Song,
2025-03-15,18:27:38,2025-03-15 18:27:38,Running Point: Season 1: The Playoffs (Episode 9),Running Point,serie,1,The Playoffs,9,4.5,Amazon FIRETVSTICK2023 Set Top Box,Comedy,Kate Hudson,Brenda Song,
2025-03-19,22:05:11,2025-03-19 22:05:11,Running Point: Season 1: The Playoffs (Episode 9),Running Point,serie,1,The Playoffs,9,25.6,Amazon FIRETVSTICK2023 Set Top Box,Comedy,Kate Hudson,Brenda Song,
2025-03-19,22:30:57,2025-03-19 22:30:57,Running Point: Season 1: Game Seven (Episode 10),Running Point,serie,1,Game Seven,10,30.7,Amazon FIRETVSTICK2023 Set Top Box,Comedy,Kate Hudson,Brenda Song,
2025-03-23,00:03:46,2025-03-23 00:03:46,I'm Thinking of Ending Things,I'm Thinking of Ending Things,pelicula,,,,130.3,Amazon FIRETVSTICK2023 Set Top Box,Drama,Jesse Plemons,Jessie Buckley,82
2025-03-26,20:07:46,2025-03-26 20:07:46,Running Point: Season 1: Pilot (Episode 1),Running Point,serie,1,Pilot,1,0.1,Amazon FIRETVSTICK2023 Set Top Box,Comedy,Kate Hudson,Brenda Song,
2025-03-26,20:11:20,2025-03-26 20:11:20,The Residence: Season 1: The Fall of the House of Usher (Episode 1),The Residence,serie,1,The Fall of the House of Usher,1,46.9,Amazon FIRETVSTICK2023 Set Top Box,Comedy,Uzo Aduba,Giancarlo Esposito,
2025-03-26,20:58:18,2025-03-26 20:58:18,The Residence: Season 1: Dial M for Murder (Episode 2),The Residence,serie,1,Dial M for Murder,2,45.7,Amazon FIRETVSTICK2023 Set Top Box,Comedy,Uzo Aduba,Giancarlo Esposito,
2025-03-26,21:44:01,2025-03-26 21:44:01,The Residence: Season 1: Knives Out (Episode 3),The Residence,serie,1,Knives Out,3,46.8,Amazon FIRETVSTICK2023 Set Top Box,Comedy,Uzo Aduba,Giancarlo Esposito,
2025-03-26,22:30:50,2025-03-26 22:30:50,The Residence: Season 1: The Last of Sheila (Episode 4),The Residence,serie,1,The Last of Sheila,4,0.1,Amazon FIRETVSTICK2023 Set Top Box,Comedy,Uzo Aduba,Giancarlo Esposito,
2025-03-28,19:45:20,2025-03-28 19:45:20,Woman of the Dead: Season 1: A Mother's Love (Episode 4),Woman of the Dead,serie,1,A Mother's Love,4,44.0,Amazon FIRETVSTICK2023 Set Top Box,Crime,Anna Maria Mühe,Yousef 'Joe' Sweid,
2025-03-28,20:29:19,2025-03-28 20:29:19,Woman of the Dead: Season 1: Natural Balance (Episode 5),Woman of the Dead,serie,1,Natural Balance,5,44.5,Amazon FIRETVSTICK2023 Set Top Box,Crime,Anna Maria Mühe,Yousef 'Joe' Sweid,
2025-03-28,21:13:48,2025-03-28 21:13:48,Woman of the Dead: Season 1: To the End (Episode 6),Woman of the Dead,serie,1,To the End,6,45.5,Amazon FIRETVSTICK2023 Set Top Box,Crime,Anna Maria Mühe,Yousef 'Joe' Sweid,
2025-03-28,21:59:17,2025-03-28 21:59:17,Woman of the Dead: Season 2: Plastic Wrap (Episode 1),Woman of the Dead,serie,2,Plastic Wrap,1,0.1,Amazon FIRETVSTICK2023 Set Top Box,Crime,Anna Maria Mühe,Yousef 'Joe' Sweid,
2025-03-29,00:56:59,2025-03-29 00:56:59,Woman of the Dead: Season 2: Plastic Wrap (Episode 1),Woman of the Dead,serie,2,Plastic Wrap,1,0.0,Amazon FIRETVSTICK2023 Set Top Box,Crime,Anna Maria Mühe,Yousef 'Joe' Sweid,
2025-03-31,09:40:08,2025-03-31 09:40:08,Woman of the Dead: Season 2: Plastic Wrap (Episode 1),Woman of the Dead,serie,2,Plastic Wrap,1,42.1,Amazon FIRETVSTICK2023 Set Top Box,Crime,Anna Maria Mühe,Yousef 'Joe' Sweid,
2025-03-31,10:22:17,2025-03-31 10:22:17,Woman of the Dead: Season 2: Limbo (Episode 2),Woman of the Dead,serie,2,Limbo,2,40.9,Amazon FIRETVSTICK2023 Set Top Box,Crime,Anna Maria Mühe,Yousef 'Joe' Sweid,
2025-03-31,11:03:15,2025-03-31 11:03:15,Woman of the Dead: Season 2: On Razor's Edge (Episode 3),Woman of the Dead,serie,2,On Razor's Edge,3,41.5,Amazon FIRETVSTICK2023 Set Top Box,Crime,Anna Maria Mühe,Yousef 'Joe' Sweid,
2025-03-31,11:44:49,2025-03-31 11:44:49,Woman of the Dead: Season 2: 4EVER (Episode 4),Woman of the Dead,serie,2,4EVER,4,0.1,Amazon FIRETVSTICK2023 Set Top Box,Crime,Anna Maria Mühe,Yousef 'Joe' Sweid,
2025-03-31,11:57:33,2025-03-31 11:57:33,Woman of the Dead: Season 2: 4EVER (Episode 4),Woman of the Dead,serie,2,4EVER,4,33.5,Amazon FIRETVSTICK2023 Set Top Box,Crime,Anna Maria Mühe,Yousef 'Joe' Sweid,
2025-03-31,12:46:36,2025-03-31 12:46:36,The Residence: Season 1: The Last of Sheila (Episode 4),The Residence,serie,1,The Last of Sheila,4,0.0,Amazon FIRETVSTICK2023 Set Top Box,Comedy,Uzo Aduba,Giancarlo Esposito,
2025-03-31,12:46:44,2025-03-31 12:46:44,The Residence: Season 1: The Fall of the House of Usher (Episode 1),The Residence,serie,1,The Fall of the House of Usher,1,46.9,Amazon FIRETVSTICK2023 Set Top Box,Comedy,Uzo Aduba,Giancarlo Esposito,
2025-03-31,13:33:44,2025-03-31 13:33:44,The Residence: Season 1: Dial M for Murder (Episode 2),The Residence,serie,1,Dial M for Murder,2,45.7,Amazon FIRETVSTICK2023 Set Top Box,Comedy,Uzo Aduba,Giancarlo Esposito,
2025-03-31,14:19:27,2025-03-31 14:19:27,The Residence: Season 1: Knives Out (Episode 3),The Residence,serie,1,Knives Out,3,46.8,Amazon FIRETVSTICK2023 Set Top Box,Comedy,Uzo Aduba,Giancarlo Esposito,
2025-03-31,15:06:17,2025-03-31 15:06:17,The Residence: Season 1: The Last of Sheila (Episode 4),The Residence,serie,1,The Last of Sheila,4,50.0,Amazon FIRETVSTICK2023 Set Top Box,Comedy,Uzo Aduba,Giancarlo Esposito,
2025-03-31,15:57:58,2025-03-31 15:57:58,The Residence: Season 1: The Trouble with Harry (Episode 5),The Residence,serie,1,The Trouble with Harry,5,42.6,Amazon FIRETVSTICK2023 Set Top Box,Comedy,Uzo Aduba,Giancarlo Esposito,
2025-03-31,16:40:39,2025-03-31 16:40:39,The Residence: Season 1: The Third Man (Episode 6),The Residence,serie,1,The Third Man,6,49.2,Amazon FIRETVSTICK2023 Set Top Box,Comedy,Uzo Aduba,Giancarlo Esposito,
2025-03-31,17:29:55,2025-03-31 17:29:55,The Residence: Season 1: The Adventure of the Engineer's Thumb (Episode 7),The Residence,serie,1,The Adventure of the Engineer's Thumb,7,0.1,Amazon FIRETVSTICK2023 Set Top Box,Comedy,Uzo Aduba,Giancarlo Esposito,
2025-03-31,17:37:36,2025-03-31 17:37:36,The Residence: Season 1: The Adventure of the Engineer's Thumb (Episode 7),The Residence,serie,1,The Adventure of the Engineer's Thumb,7,63.4,Amazon FIRETVSTICK2023 Set Top Box,Comedy,Uzo Aduba,Giancarlo Esposito,
2025-03-31,18:41:05,2025-03-31 18:41:05,The Residence: Season 1: The Mystery of the Yellow Room (Episode 8),The Residence,serie,1,The Mystery of the Yellow Room,8,1.1,Amazon FIRETVSTICK2023 Set Top Box,Comedy,Uzo Aduba,Giancarlo Esposito,
2025-03-31,19:56:44,2025-03-31 19:56:44,Woman of the Dead: Season 2: 4EVER (Episode 4),Woman of the Dead,serie,2,4EVER,4,1.3,Amazon FIRETVSTICK2023 Set Top Box,Crime,Anna Maria Mühe,Yousef 'Joe' Sweid,
2025-03-31,19:58:52,2025-03-31 19:58:52,The Residence: Season 1: The Mystery of the Yellow Room (Episode 8),The Residence,serie,1,The Mystery of the Yellow Room,8,75.0,Amazon FIRETVSTICK2023 Set Top Box,Comedy,Uzo Aduba,Giancarlo Esposito,
2025-04-01,13:17:36,2025-04-01 13:17:36,The Residence: Season 1: The Mystery of the Yellow Room (Episode 8),The Residence,serie,1,The Mystery of the Yellow Room,8,39.0,Amazon FIRETVSTICK2023 Set Top Box,Comedy,Uzo Aduba,Giancarlo Esposito,
2025-04-01,14:36:19,2025-04-01 14:36:19,The Residence: Season 1: The Mystery of the Yellow Room (Episode 8),The Residence,serie,1,The Mystery of the Yellow Room,8,35.0,Amazon FIRETVSTICK2023 Set Top Box,Comedy,Uzo Aduba,Giancarlo Esposito,
2025-04-01,16:01:48,2025-04-01 16:01:48,The Residence: Season 1: The Mystery of the Yellow Room (Episode 8),The Residence,serie,1,The Mystery of the Yellow Room,8,19.7,Amazon FIRETVSTICK2023 Set Top Box,Comedy,Uzo Aduba,Giancarlo Esposito,
2025-04-02,12:04:33,2025-04-02 12:04:33,Woman of the Dead: Season 2: 4EVER (Episode 4),Woman of the Dead,serie,2,4EVER,4,48.7,Amazon FIRETVSTICK2023 Set Top Box,Crime,Anna Maria Mühe,Yousef 'Joe' Sweid,
2025-04-02,12:53:45,2025-04-02 12:53:45,Woman of the Dead: Season 2: The Deal (Episode 5),Woman of the Dead,serie,2,The Deal,5,42.3,Amazon FIRETVSTICK2023 Set Top Box,Crime,Anna Maria Mühe,Yousef 'Joe' Sweid,
2025-04-02,13:36:07,2025-04-02 13:36:07,Woman of the Dead: Season 2: Prisoners (Episode 6),Woman of the Dead,serie,2,Prisoners,6,85.8,Amazon FIRETVSTICK2023 Set Top Box,Crime,Anna Maria Mühe,Yousef 'Joe' Sweid,
2025-04-02,15:03:11,2025-04-02 15:03:11,The Life List,The Life List,pelicula,,,,118.9,Amazon FIRETVSTICK2023 Set Top Box,Comedy,Sofia Carson,Kyle Allen,46
2025-04-02,17:02:37,2025-04-02 17:02:37,Just One Look: Limited Series: Episode 1 (Episode 1),Just One Look,serie,Limited Series,Episode 1,1,23.2,Amazon FIRETVSTICK2023 Set Top Box,Crime,Maria Debska,Cezary Lukaszewicz,
2025-04-05,13:47:38,2025-04-05 13:47:38,PULSE: Season 1: Abby (Episode 1),PULSE,serie,1,Abby,1,41.7,Amazon FIRETVSTICK2023 Set Top Box,Drama,Claire van der Boom,Andrea Demetriades,
2025-04-05,14:29:35,2025-04-05 14:29:35,PULSE: Season 1: Alone Time (Episode 2),PULSE,serie,1,Alone Time,2,49.0,Amazon FIRETVSTICK2023 Set Top Box,Drama,Claire van der Boom,Andrea Demetriades,
2025-04-05,15:18:40,2025-04-05 15:18:40,PULSE: Season 1: Power (Episode 3),PULSE,serie,1,Power,3,44.0,Amazon FIRETVSTICK2023 Set Top Box,Drama,Claire van der Boom,Andrea Demetriades,
2025-04-05,16:02:41,2025-04-05 16:02:41,PULSE: Season 1: Treat ‘Em and Street ‘Em (Episode 4),PULSE,serie,1,Treat ‘Em and Street ‘Em,4,0.1,Amazon FIRETVSTICK2023 Set Top Box,Drama,Claire van der Boom,Andrea Demetriades,
2025-04-07,18:28:14,2025-04-07 18:28:14,PULSE: Season 1: Treat ‘Em and Street ‘Em (Episode 4),PULSE,serie,1,Treat ‘Em and Street ‘Em,4,45.6,Amazon FIRETVSTICK2023 Set Top Box,Drama,Claire van der Boom,Andrea Demetriades,
2025-04-07,19:13:52,2025-04-07 19:13:52,PULSE: Season 1: Nothing Personal (Episode 5),PULSE,serie,1,Nothing Personal,5,11.6,Amazon FIRETVSTICK2023 Set Top Box,Drama,Claire van der Boom,Andrea Demetriades,
2025-04-10,09:53:28,2025-04-10 09:53:28,PULSE: Season 1: Nothing Personal (Episode 5),PULSE,serie,1,Nothing Personal,5,30.3,Amazon FIRETVSTICK2023 Set Top Box,Drama,Claire van der Boom,Andrea Demetriades,
2025-04-10,10:23:50,2025-04-10 10:23:50,PULSE: Season 1: Homestead (Episode 6),PULSE,serie,1,Homestead,6,17.2,Amazon FIRETVSTICK2023 Set Top Box,Drama,Claire van der Boom,Andrea Demetriades,
2025-04-10,10:41:17,2025-04-10 10:41:17,PULSE: Season 1: Nothing Personal (Episode 5),PULSE,serie,1,Nothing Personal,5,41.9,Amazon FIRETVSTICK2023 Set Top Box,Drama,Claire van der Boom,Andrea Demetriades,
2025-04-10,11:23:13,2025-04-10 11:23:13,PULSE: Season 1: Homestead (Episode 6),PULSE,serie,1,Homestead,6,31.9,Amazon FIRETVSTICK2023 Set Top Box,Drama,Claire van der Boom,Andrea Demetriades,
2025-04-10,11:55:30,2025-04-10 11:55:30,PULSE: Season 1: Nothing Personal (Episode 5),PULSE,serie,1,Nothing Personal,5,39.9,Amazon FIRETVSTICK2023 Set Top Box,Drama,Claire van der Boom,Andrea Demetriades,
2025-04-11,15:45:48,2025-04-11 15:45:48,Black Mirror: Season 7: Common People (Episode 1),Black Mirror,serie,7,Common People,1,32.6,Amazon FIRETVSTICK2023 Set Top Box,Crime,Anjana Vasan,Cristin Milioti,
2025-04-11,17:05:20,2025-04-11 17:05:20,Black Mirror: Season 7: Common People (Episode 1),Black Mirror,serie,7,Common People,1,34.8,Amazon FIRETVSTICK2023 Set Top Box,Crime,Anjana Vasan,Cristin Milioti,
2025-04-11,17:40:30,2025-04-11 17:40:30,Black Mirror: Season 7: Bête Noire (Episode 2),Black Mirror,serie,7,Bête Noire,2,49.5,Amazon FIRETVSTICK2023 Set Top Box,Crime,Anjana Vasan,Cristin Milioti,
2025-04-11,18:30:11,2025-04-11 18:30:11,Black Mirror: Season 7: Hotel Reverie (Episode 3),Black Mirror,serie,7,Hotel Reverie,3,14.9,Amazon FIRETVSTICK2023 Set Top Box,Crime,Anjana Vasan,Cristin Milioti,
2025-04-11,19:53:19,2025-04-11 19:53:19,Black Mirror: Season 7: Hotel Reverie (Episode 3),Black Mirror,serie,7,Hotel Reverie,3,74.9,Amazon FIRETVSTICK2023 Set Top Box,Crime,Anjana Vasan,Cristin Milioti,
2025-04-11,21:08:14,2025-04-11 21:08:14,Black Mirror: Season 7: Plaything (Episode 4),Black Mirror,serie,7,Plaything,4,12.8,Amazon FIRETVSTICK2023 Set Top Box,Crime,Anjana Vasan,Cristin Milioti,
2025-04-12,19:52:23,2025-04-12 19:52:23,Black Mirror: Season 7: Plaything (Episode 4),Black Mirror,serie,7,Plaything,4,0.0,Amazon FIRETVSTICK2023 Set Top Box,Crime,Anjana Vasan,Cristin Milioti,
2025-04-12,19:55:56,2025-04-12 19:55:56,Black Mirror: Season 2: White Bear (Episode 2),Black Mirror,serie,2,White Bear,2,42.0,Amazon FIRETVSTICK2023 Set Top Box,Crime,Anjana Vasan,Cristin Milioti,
2025-04-12,20:37:58,2025-04-12 20:37:58,Black Mirror: Season 2: The Waldo Moment (Episode 3),Black Mirror,serie,2,The Waldo Moment,3,42.5,Amazon FIRETVSTICK2023 Set Top Box,Crime,Anjana Vasan,Cristin Milioti,
2025-04-12,21:20:29,2025-04-12 21:20:29,Black Mirror: Season 2: White Christmas (Episode 4),Black Mirror,serie,2,White Christmas,4,72.4,Amazon FIRETVSTICK2023 Set Top Box,Crime,Anjana Vasan,Cristin Milioti,
2025-04-12,22:32:56,2025-04-12 22:32:56,Black Mirror: Season 2: Be Right Back (Episode 1),Black Mirror,serie,2,Be Right Back,1,16.1,Amazon FIRETVSTICK2023 Set Top Box,Crime,Anjana Vasan,Cristin Milioti,
2025-04-12,22:49:40,2025-04-12 22:49:40,PULSE: Season 1: Nothing Personal (Episode 5),PULSE,serie,1,Nothing Personal,5,2.0,Amazon FIRETVSTICK2023 Set Top Box,Drama,Claire van der Boom,Andrea Demetriades,
2025-04-12,22:51:45,2025-04-12 22:51:45,PULSE: Season 1: Homestead (Episode 6),PULSE,serie,1,Homestead,6,45.4,Amazon FIRETVSTICK2023 Set Top Box,Drama,Claire van der Boom,Andrea Demetriades,
2025-04-12,23:37:11,2025-04-12 23:37:11,PULSE: Season 1: Choices (Episode 7),PULSE,serie,1,Choices,7,42.3,Amazon FIRETVSTICK2023 Set Top Box,Drama,Claire van der Boom,Andrea Demetriades,
2025-04-13,00:19:33,2025-04-13 00:19:33,PULSE: Season 1: Retreat (Episode 8),PULSE,serie,1,Retreat,8,39.1,Amazon FIRETVSTICK2023 Set Top Box,Drama,Claire van der Boom,Andrea Demetriades,
2025-04-13,00:58:39,2025-04-13 00:58:39,PULSE: Season 1: The Last Shift (Episode 9),PULSE,serie,1,The Last Shift,9,21.8,Amazon FIRETVSTICK2023 Set Top Box,Drama,Claire van der Boom,Andrea Demetriades,
2025-04-13,21:18:11,2025-04-13 21:18:11,"How to Sell Drugs Online (Fast): Season 1: Nerd Today, Boss Tomorrow (Episode 1)",How to Sell Drugs Online (Fast),serie,1,"Nerd Today, Boss Tomorrow",1,31.7,Amazon FIRETVSTICK2023 Set Top Box,Comedy,Maximilian Mundt,Danilo Kamperidis,
2025-04-13,21:50:00,2025-04-13 21:50:00,"How to Sell Drugs Online (Fast): Season 1: Life's Not Fair, Get Used to It (Episode 2)",How to Sell Drugs Online (Fast),serie,1,"Life's Not Fair, Get Used to It",2,13.6,Amazon FIRETVSTICK2023 Set Top Box,Comedy,Maximilian Mundt,Danilo Kamperidis,
2025-04-16,20:24:15,2025-04-16 20:24:15,"How to Sell Drugs Online (Fast): Season 1: Life's Not Fair, Get Used to It (Episode 2)",How to Sell Drugs Online (Fast),serie,1,"Life's Not Fair, Get Used to It",2,0.1,Amazon FIRETVSTICK2023 Set Top Box,Comedy,Maximilian Mundt,Danilo Kamperidis,
2025-04-17,22:05:36,2025-04-17 22:05:36,Black Mirror: Season 2: Be Right Back (Episode 1),Black Mirror,serie,2,Be Right Back,1,0.1,Xiaomi soul Streaming Stick,Crime,Anjana Vasan,Cristin Milioti,
2025-04-17,22:06:29,2025-04-17 22:06:29,Black Mirror: Season 7: Plaything (Episode 4),Black Mirror,serie,7,Plaything,4,44.3,Xiaomi soul Streaming Stick,Crime,Anjana Vasan,Cristin Milioti,
2025-04-17,22:56:13,2025-04-17 22:56:13,Black Mirror: Season 7: Eulogy (Episode 5),Black Mirror,serie,7,Eulogy,5,44.9,Xiaomi soul Streaming Stick,Crime,Anjana Vasan,Cristin Milioti,
2025-04-17,23:41:11,2025-04-17 23:41:11,Black Mirror: Season 7: USS Callister: Into Infinity (Episode 6),Black Mirror,serie,7,USS Callister: Into Infinity,6,0.1,Xiaomi soul Streaming Stick,Crime,Anjana Vasan,Cristin Milioti,
2025-04-17,23:58:51,2025-04-17 23:58:51,Black Mirror: Season 4: Arkangel (Episode 2),Black Mirror,serie,4,Arkangel,2,0.6,Xiaomi aquaman Streaming Stick,Crime,Anjana Vasan,Cristin Milioti,
2025-04-17,23:59:57,2025-04-17 23:59:57,Black Mirror: Season 4: Arkangel (Episode 2),Black Mirror,serie,4,Arkangel,2,50.3,Xiaomi aquaman Streaming Stick,Crime,Anjana Vasan,Cristin Milioti,
2025-04-18,00:50:16,2025-04-18 00:50:16,Black Mirror: Season 4: Hang the DJ (Episode 4),Black Mirror,serie,4,Hang the DJ,4,0.6,Xiaomi aquaman Streaming Stick,Crime,Anjana Vasan,Cristin Milioti,
2025-04-18,00:51:06,2025-04-18 00:51:06,Black Mirror: Season 3: Hated in the Nation (Episode 6),Black Mirror,serie,3,Hated in the Nation,6,88.0,Xiaomi aquaman Streaming Stick,Crime,Anjana Vasan,Cristin Milioti,
2025-04-18,02:19:09,2025-04-18 02:19:09,Black Mirror: Season 3: Nosedive (Episode 1),Black Mirror,serie,3,Nosedive,1,61.6,Xiaomi aquaman Streaming Stick,Crime,Anjana Vasan,Cristin Milioti,
2025-04-18,03:20:50,2025-04-18 03:20:50,Black Mirror: Season 3: Playtest (Episode 2),Black Mirror,serie,3,Playtest,2,55.8,Xiaomi aquaman Streaming Stick,Crime,Anjana Vasan,Cristin Milioti,
2025-04-18,04:16:38,2025-04-18 04:16:38,Black Mirror: Season 3: Shut Up and Dance (Episode 3),Black Mirror,serie,3,Shut Up and Dance,3,0.1,Xiaomi aquaman Streaming Stick,Crime,Anjana Vasan,Cristin Milioti,
2025-05-06,20:34:07,2025-05-06 20:34:07,PULSE: Season 1: The Last Shift (Episode 9),PULSE,serie,1,The Last Shift,9,40.5,Amazon FIRETVSTICK2023 Set Top Box,Drama,Claire van der Boom,Andrea Demetriades,
2025-05-10,22:31:22,2025-05-10 22:31:22,Black Mirror: Season 7: Eulogy (Episode 5),Black Mirror,serie,7,Eulogy,5,44.7,Amazon FIRETVSTICK2023 Set Top Box,Crime,Anjana Vasan,Cristin Milioti,
2025-06-27,23:06:37,2025-06-27 23:06:37,Squid Game: Season 2: Bread and Lottery (Episode 1),Squid Game,serie,2,Bread and Lottery,1,0.1,DefaultWidevineAndroidPhone,Action,Lee Jung-jae,Wi Ha-joon,
2025-06-27,23:07:51,2025-06-27 23:07:51,Squid Game: Season 2: Bread and Lottery (Episode 1),Squid Game,serie,2,Bread and Lottery,1,2.7,Samsung CE 2024 Kant-SU2e UHD Smart TV,Action,Lee Jung-jae,Wi Ha-joon,
2025-06-27,23:11:50,2025-06-27 23:11:50,Squid Game: Season 2: Bread and Lottery (Episode 1),Squid Game,serie,2,Bread and Lottery,1,0.1,Samsung CE 2024 Kant-SU2e UHD Smart TV,Action,Lee Jung-jae,Wi Ha-joon,
2025-06-27,23:11:59,2025-06-27 23:11:59,Squid Game: Season 2: Bread and Lottery (Episode 1),Squid Game,serie,2,Bread and Lottery,1,0.0,Samsung CE 2024 Kant-SU2e UHD Smart TV,Action,Lee Jung-jae,Wi Ha-joon,
2025-06-27,23:15:31,2025-06-27 23:15:31,Squid Game: Season 3: Keys and Knives (Episode 1),Squid Game,serie,3,Keys and Knives,1,51.2,Samsung CE 2024 Kant-SU2e UHD Smart TV,Action,Lee Jung-jae,Wi Ha-joon,
2025-06-28,00:25:58,2025-06-28 00:25:58,Squid Game: Season 3: The Starry Night (Episode 2),Squid Game,serie,3,The Starry Night,2,54.1,Samsung CE 2024 Kant-SU2e UHD Smart TV,Action,Lee Jung-jae,Wi Ha-joon,
2025-06-28,21:51:31,2025-06-28 21:51:31,Black Mirror: Season 7: USS Callister: Into Infinity (Episode 6),Black Mirror,serie,7,USS Callister: Into Infinity,6,0.0,DefaultWidevineAndroidPhone,Crime,Anjana Vasan,Cristin Milioti,
2025-06-28,21:52:13,2025-06-28 21:52:13,Squid Game: Season 3: It's Not Your Fault (Episode 3),Squid Game,serie,3,It's Not Your Fault,3,0.0,DefaultWidevineAndroidPhone,Action,Lee Jung-jae,Wi Ha-joon,
2025-06-28,23:34:42,2025-06-28 23:34:42,Squid Game: Season 3: It's Not Your Fault (Episode 3),Squid Game,serie,3,It's Not Your Fault,3,60.1,Samsung CE 2024 Kant-SU2e UHD Smart TV,Action,Lee Jung-jae,Wi Ha-joon,
2025-06-29,00:42:33,2025-06-29 00:42:33,Squid Game: Season 3: 222 (Episode 4),Squid Game,serie,3,222,4,60.3,Samsung CE 2024 Kant-SU2e UHD Smart TV,Action,Lee Jung-jae,Wi Ha-joon,
2025-06-29,22:42:53,2025-06-29 22:42:53,Squid Game: Season 3: ○△□ (Episode 5),Squid Game,serie,3,○△□,5,57.1,Samsung CE 2024 Kant-SU2e UHD Smart TV,Action,Lee Jung-jae,Wi Ha-joon,
2025-07-01,22:29:21,2025-07-01 22:29:21,Squid Game: Season 3: Humans Are… (Episode 6),Squid Game,serie,3,Humans Are…,6,0.0,Samsung CE 2024 Kant-SU2e UHD Smart TV,Action,Lee Jung-jae,Wi Ha-joon,
2025-07-04,18:00:16,2025-07-04 18:00:16,Olympo: Season 1: This Is Not Olympic Level (Episode 1),Olympo,serie,1,This Is Not Olympic Level,1,43.8,Samsung CE 2024 Kant-SU2e UHD Smart TV,Drama,Clara Galle,Nira Oshaia,
2025-07-04,18:44:19,2025-07-04 18:44:19,Olympo: Season 1: Crying or Winning (Episode 2),Olympo,serie,1,Crying or Winning,2,40.2,Samsung CE 2024 Kant-SU2e UHD Smart TV,Drama,Clara Galle,Nira Oshaia,
2025-07-04,19:24:39,2025-07-04 19:24:39,"Olympo: Season 1: No, Not Again (Episode 3)",Olympo,serie,1,"No, Not Again",3,6.3,Samsung CE 2024 Kant-SU2e UHD Smart TV,Drama,Clara Galle,Nira Oshaia,
2025-07-04,19:31:09,2025-07-04 19:31:09,Olympo: Season 1: Crying or Winning (Episode 2),Olympo,serie,1,Crying or Winning,2,9.9,Samsung CE 2024 Kant-SU2e UHD Smart TV,Drama,Clara Galle,Nira Oshaia,
2025-07-04,19:41:50,2025-07-04 19:41:50,"Olympo: Season 1: No, Not Again (Episode 3)",Olympo,serie,1,"No, Not Again",3,50.0,Samsung CE 2024 Kant-SU2e UHD Smart TV,Drama,Clara Galle,Nira Oshaia,
2025-07-04,20:31:55,2025-07-04 20:31:55,Olympo: Season 1: It's Best If You Stop Now (Episode 4),Olympo,serie,1,It's Best If You Stop Now,4,3.4,Samsung CE 2024 Kant-SU2e UHD Smart TV,Drama,Clara Galle,Nira Oshaia,
2025-07-04,22:45:01,2025-07-04 22:45:01,Squid Game: Season 3: Humans Are… (Episode 6),Squid Game,serie,3,Humans Are…,6,48.7,Samsung CE 2024 Kant-SU2e UHD Smart TV,Action,Lee Jung-jae,Wi Ha-joon,
2025-07-05,22:36:29,2025-07-05 22:36:29,Olympo: Season 1: It's Best If You Stop Now (Episode 4),Olympo,serie,1,It's Best If You Stop Now,4,35.5,Samsung CE 2024 Kant-SU2e UHD Smart TV,Drama,Clara Galle,Nira Oshaia,
2025-07-05,23:12:03,2025-07-05 23:12:03,Olympo: Season 1: There’s No Getting Through to You (Episode 5),Olympo,serie,1,There’s No Getting Through to You,5,46.1,Samsung CE 2024 Kant-SU2e UHD Smart TV,Drama,Clara Galle,Nira Oshaia,
2025-07-05,23:58:18,2025-07-05 23:58:18,Olympo: Season 1: You've Always Been My Favorite (Episode 6),Olympo,serie,1,You've Always Been My Favorite,6,37.2,Samsung CE 2024 Kant-SU2e UHD Smart TV,Drama,Clara Galle,Nira Oshaia,
2025-07-06,21:08:40,2025-07-06 21:08:40,Olympo: Season 1: It's Called Strategy (Episode 7),Olympo,serie,1,It's Called Strategy,7,43.9,DefaultWidevineAndroidTablets,Drama,Clara Galle,Nira Oshaia,
2025-07-06,21:53:53,2025-07-06 21:53:53,Olympo: Season 1: Amaia Is Always Right (Episode 8),Olympo,serie,1,Amaia Is Always Right,8,41.1,DefaultWidevineAndroidTablets,Drama,Clara Galle,Nira Oshaia,
2025-07-09,17:42:41,2025-07-09 17:42:41,Ángela: Limited Series: Episode 1 (Episode 1),Ángela,serie,Limited Series,Episode 1,1,51.0,Samsung CE 2024 Kant-SU2e UHD Smart TV,Drama,Angélica Rivera,Aurora Molina,
2025-07-09,19:00:23,2025-07-09 19:00:23,Ángela: Limited Series: Episode 2 (Episode 2),Ángela,serie,Limited Series,Episode 2,2,48.9,Samsung CE 2024 Kant-SU2e UHD Smart TV,Drama,Angélica Rivera,Aurora Molina,
2025-07-09,19:49:19,2025-07-09 19:49:19,Ángela: Limited Series: Episode 3 (Episode 3),Ángela,serie,Limited Series,Episode 3,3,47.1,Samsung CE 2024 Kant-SU2e UHD Smart TV,Drama,Angélica Rivera,Aurora Molina,
2025-07-09,20:36:26,2025-07-09 20:36:26,Ángela: Limited Series: Episode 4 (Episode 4),Ángela,serie,Limited Series,Episode 4,4,15.2,Samsung CE 2024 Kant-SU2e UHD Smart TV,Drama,Angélica Rivera,Aurora Molina,
2025-07-10,20:15:09,2025-07-10 20:15:09,Ángela: Limited Series: Episode 4 (Episode 4),Ángela,serie,Limited Series,Episode 4,4,8.4,Samsung CE 2024 Kant-SU2e UHD Smart TV,Drama,Angélica Rivera,Aurora Molina,
2025-07-10,20:24:47,2025-07-10 20:24:47,Ángela: Limited Series: Episode 4 (Episode 4),Ángela,serie,Limited Series,Episode 4,4,23.7,Samsung CE 2024 Kant-SU2e UHD Smart TV,Drama,Angélica Rivera,Aurora Molina,
2025-07-10,20:48:32,2025-07-10 20:48:32,Ángela: Limited Series: Episode 5 (Episode 5),Ángela,serie,Limited Series,Episode 5,5,47.2,Samsung CE 2024 Kant-SU2e UHD Smart TV,Drama,Angélica Rivera,Aurora Molina,
2025-07-10,21:35:45,2025-07-10 21:35:45,Ángela: Limited Series: Episode 6 (Episode 6),Ángela,serie,Limited Series,Episode 6,6,47.9,Samsung CE 2024 Kant-SU2e UHD Smart TV,Drama,Angélica Rivera,Aurora Molina,
2025-07-10,22:25:39,2025-07-10 22:25:39,Valle Salvaje: Season 1: Episode 1 (Episode 1),Valle Salvaje,serie,1,Episode 1,1,51.0,Samsung CE 2024 Kant-SU2e UHD Smart TV,Drama,Rocío Suárez de Puga,José Manuel Seda,
2025-07-10,23:17:32,2025-07-10 23:17:32,1923: Season 1: 1923 (Episode 1),1923,serie,1,1923,1,35.5,Samsung CE 2024 Kant-SU2e UHD Smart TV,Drama,Harrison Ford,Helen Mirren,
2025-07-10,23:53:22,2025-07-10 23:53:22,Dept. Q: Season 1: Episode 1 (Episode 1),Dept. Q,serie,1,Episode 1,1,62.4,Samsung CE 2024 Kant-SU2e UHD Smart TV,Crime,Matthew Goode,Alexej Manvelov,
2025-07-11,00:55:48,2025-07-11 00:55:48,Dept. Q: Season 1: Episode 2 (Episode 2),Dept. Q,serie,1,Episode 2,2,5.0,Samsung CE 2024 Kant-SU2e UHD Smart TV,Crime,Matthew Goode,Alexej Manvelov,
2025-07-11,14:21:57,2025-07-11 14:21:57,Dept. Q: Season 1: Episode 2 (Episode 2),Dept. Q,serie,1,Episode 2,2,0.1,Samsung CE 2024 Kant-SU2e UHD Smart TV,Crime,Matthew Goode,Alexej Manvelov,
2025-07-11,14:22:12,2025-07-11 14:22:12,Dept. Q: Season 1: Episode 1 (Episode 1),Dept. Q,serie,1,Episode 1,1,62.4,Samsung CE 2024 Kant-SU2e UHD Smart TV,Crime,Matthew Goode,Alexej Manvelov,
2025-07-11,15:24:38,2025-07-11 15:24:38,Dept. Q: Season 1: Episode 2 (Episode 2),Dept. Q,serie,1,Episode 2,2,40.8,Samsung CE 2024 Kant-SU2e UHD Smart TV,Crime,Matthew Goode,Alexej Manvelov,
2025-07-18,17:52:14,2025-07-18 17:52:14,Dept. Q: Season 1: Episode 2 (Episode 2),Dept. Q,serie,1,Episode 2,2,9.6,Samsung CE 2024 Kant-SU2e UHD Smart TV,Crime,Matthew Goode,Alexej Manvelov,
2025-07-18,18:02:00,2025-07-18 18:02:00,Dept. Q: Season 1: Episode 3 (Episode 3),Dept. Q,serie,1,Episode 3,3,51.2,Samsung CE 2024 Kant-SU2e UHD Smart TV,Crime,Matthew Goode,Alexej Manvelov,
2025-07-18,18:53:13,2025-07-18 18:53:13,Dept. Q: Season 1: Episode 4 (Episode 4),Dept. Q,serie,1,Episode 4,4,51.0,Samsung CE 2024 Kant-SU2e UHD Smart TV,Crime,Matthew Goode,Alexej Manvelov,
2025-07-18,19:44:17,2025-07-18 19:44:17,Dept. Q: Season 1: Episode 5 (Episode 5),Dept. Q,serie,1,Episode 5,5,33.5,Samsung CE 2024 Kant-SU2e UHD Smart TV,Crime,Matthew Goode,Alexej Manvelov,
2025-07-18,20:18:31,2025-07-18 20:18:31,Black Doves: Season 1: To Love Then (Episode 1),Black Doves,serie,1,To Love Then,1,36.2,Samsung CE 2024 Kant-SU2e UHD Smart TV,Action,Keira Knightley,Ben Whishaw,
2025-08-25,18:15:46,2025-08-25 18:15:46,In the Mud: Season 1: Episode 1 (Episode 1),In the Mud,serie,1,Episode 1,1,47.4,DefaultWidevineAndroidPhone,Crime,Ana Garibaldi,Lorena Vega,
2025-08-25,19:38:10,2025-08-25 19:38:10,In the Mud: Season 1: Episode 1 (Episode 1),In the Mud,serie,1,Episode 1,1,4.3,DefaultWidevineAndroidTablets,Crime,Ana Garibaldi,Lorena Vega,
2025-08-25,19:42:36,2025-08-25 19:42:36,In the Mud: Season 1: Episode 2 (Episode 2),In the Mud,serie,1,Episode 2,2,41.5,DefaultWidevineAndroidTablets,Crime,Ana Garibaldi,Lorena Vega,
2025-08-25,20:24:07,2025-08-25 20:24:07,In the Mud: Season 1: Episode 3 (Episode 3),In the Mud,serie,1,Episode 3,3,55.2,DefaultWidevineAndroidTablets,Crime,Ana Garibaldi,Lorena Vega,
2025-08-25,21:19:22,2025-08-25 21:19:22,In the Mud: Season 1: Episode 4 (Episode 4),In the Mud,serie,1,Episode 4,4,26.0,DefaultWidevineAndroidTablets,Crime,Ana Garibaldi,Lorena Vega,
2025-08-31,17:08:52,2025-08-31 17:08:52,In the Mud: Season 1: Episode 4 (Episode 4),In the Mud,serie,1,Episode 4,4,26.3,DefaultWidevineAndroidPhone,Crime,Ana Garibaldi,Lorena Vega,
2025-08-31,17:52:05,2025-08-31 17:52:05,In the Mud: Season 1: Episode 5 (Episode 5),In the Mud,serie,1,Episode 5,5,49.8,DefaultWidevineAndroidPhone,Crime,Ana Garibaldi,Lorena Vega,
2025-08-31,18:43:17,2025-08-31 18:43:17,In the Mud: Season 1: Episode 6 (Episode 6),In the Mud,serie,1,Episode 6,6,9.8,DefaultWidevineAndroidPhone,Crime,Ana Garibaldi,Lorena Vega,
2025-08-31,22:58:31,2025-08-31 22:58:31,In the Mud: Season 1: Episode 6 (Episode 6),In the Mud,serie,1,Episode 6,6,0.2,DefaultWidevineAndroidTablets,Crime,Ana Garibaldi,Lorena Vega,
2025-08-31,22:58:48,2025-08-31 22:58:48,In the Mud: Season 1: Episode 6 (Episode 6),In the Mud,serie,1,Episode 6,6,0.0,DefaultWidevineAndroidTablets,Crime,Ana Garibaldi,Lorena Vega,
2025-08-31,22:58:51,2025-08-31 22:58:51,In the Mud: Season 1: Episode 7 (Episode 7),In the Mud,serie,1,Episode 7,7,0.0,DefaultWidevineAndroidTablets,Crime,Ana Garibaldi,Lorena Vega,
2025-08-31,22:58:55,2025-08-31 22:58:55,In the Mud: Season 1: Episode 8 (Episode 8),In the Mud,serie,1,Episode 8,8,41.9,DefaultWidevineAndroidTablets,Crime,Ana Garibaldi,Lorena Vega,
2025-08-31,23:45:17,2025-08-31 23:45:17,Death Inc.: Season 1: Episode 1 (Episode 1),Death Inc.,serie,1,Episode 1,1,1.4,DefaultWidevineAndroidTablets,Comedy,Carlos Areces,Ascen López,
2025-08-31,23:57:57,2025-08-31 23:57:57,Dept. Q: Season 1: Episode 5 (Episode 5),Dept. Q,serie,1,Episode 5,5,9.8,DefaultWidevineAndroidTablets,Crime,Matthew Goode,Alexej Manvelov,
2025-09-04,23:31:15,2025-09-04 23:31:15,Death Inc.: Season 1: Episode 1 (Episode 1),Death Inc.,serie,1,Episode 1,1,9.0,DefaultWidevineAndroidTablets,Comedy,Carlos Areces,Ascen López,
2025-09-19,21:56:27,2025-09-19 21:56:27,Unknown Number: The High School Catfish,Unknown Number: The High School Catfish,pelicula,,,,12.0,DefaultWidevineAndroidPhone,Documentary,Lauryn Licari,Sophie Weber,85
2025-09-20,20:17:14,2025-09-20 20:17:14,Unknown Number: The High School Catfish,Unknown Number: The High School Catfish,pelicula,,,,33.0,DefaultWidevineAndroidPhone,Documentary,Lauryn Licari,Sophie Weber,85
2025-09-20,21:36:45,2025-09-20 21:36:45,Unknown Number: The High School Catfish,Unknown Number: The High School Catfish,pelicula,,,,48.9,DefaultWidevineAndroidPhone,Documentary,Lauryn Licari,Sophie Weber,85
2025-09-22,12:01:43,2025-09-22 12:01:43,Maid: Limited Series: Bear Hunt (Episode 8),Maid,serie,Limited Series,Bear Hunt,8,56.7,DefaultWidevineAndroidTablets,Drama,Margaret Qualley,Nick Robinson,
2025-09-22,12:58:25,2025-09-22 12:58:25,Maid: Limited Series: Sky Blue (Episode 9),Maid,serie,Limited Series,Sky Blue,9,6.7,DefaultWidevineAndroidTablets,Drama,Margaret Qualley,Nick Robinson,
2025-09-25,22:28:59,2025-09-25 22:28:59,Wayward: Limited Series: Tall Pines (Episode 1),Wayward,serie,Limited Series,Tall Pines,1,46.7,DefaultWidevineAndroidPhone,Drama,Mae Martin,Sarah Gadon,
2025-09-25,23:15:43,2025-09-25 23:15:43,Wayward: Limited Series: Burrow (Episode 2),Wayward,serie,Limited Series,Burrow,2,17.0,DefaultWidevineAndroidPhone,Drama,Mae Martin,Sarah Gadon,
2025-10-10,19:15:52,2025-10-10 19:15:52,Wayward: Limited Series: Burrow (Episode 2),Wayward,serie,Limited Series,Burrow,2,21.7,Xiaomi aquaman Streaming Stick,Drama,Mae Martin,Sarah Gadon,
2025-10-10,19:37:45,2025-10-10 19:37:45,Wayward: Limited Series: Break (Episode 3),Wayward,serie,Limited Series,Break,3,39.8,Xiaomi aquaman Streaming Stick,Drama,Mae Martin,Sarah Gadon,
2025-10-10,20:30:07,2025-10-10 20:30:07,Wayward: Limited Series: Mud (Episode 4),Wayward,serie,Limited Series,Mud,4,41.0,Xiaomi aquaman Streaming Stick,Drama,Mae Martin,Sarah Gadon,
2025-10-10,21:12:37,2025-10-10 21:12:37,Wayward: Limited Series: Build (Episode 5),Wayward,serie,Limited Series,Build,5,43.6,Xiaomi aquaman Streaming Stick,Drama,Mae Martin,Sarah Gadon,
2025-10-10,21:56:16,2025-10-10 21:56:16,Wayward: Limited Series: Mirror (Episode 6),Wayward,serie,Limited Series,Mirror,6,42.3,Xiaomi aquaman Streaming Stick,Drama,Mae Martin,Sarah Gadon,
2025-10-10,22:38:34,2025-10-10 22:38:34,Wayward: Limited Series: Ascend (Episode 7),Wayward,serie,Limited Series,Ascend,7,41.2,Xiaomi aquaman Streaming Stick,Drama,Mae Martin,Sarah Gadon,
2025-10-10,23:28:50,2025-10-10 23:28:50,Wayward: Limited Series: Leap (Episode 8),Wayward,serie,Limited Series,Leap,8,37.8,Xiaomi aquaman Streaming Stick,Drama,Mae Martin,Sarah Gadon,
2025-10-11,00:07:28,2025-10-11 00:07:28,A Good Girl's Guide to Murder: Season 1: Episode 1 (Episode 1),A Good Girl's Guide to Murder,serie,1,Episode 1,1,39.6,Xiaomi aquaman Streaming Stick,Crime,Emma Myers,Zain Iqbal,
2025-10-11,00:48:19,2025-10-11 00:48:19,A Good Girl's Guide to Murder: Season 1: Episode 2 (Episode 2),A Good Girl's Guide to Murder,serie,1,Episode 2,2,11.0,Xiaomi aquaman Streaming Stick,Crime,Emma Myers,Zain Iqbal,
2025-10-11,01:02:00,2025-10-11 01:02:00,A Good Girl's Guide to Murder: Season 1: Episode 2 (Episode 2),A Good Girl's Guide to Murder,serie,1,Episode 2,2,0.1,DefaultWidevineAndroidPhone,Crime,Emma Myers,Zain Iqbal,
2025-10-11,01:02:19,2025-10-11 01:02:19,A Good Girl's Guide to Murder: Season 1: Episode 2 (Episode 2),A Good Girl's Guide to Murder,serie,1,Episode 2,2,0.1,DefaultWidevineAndroidPhone,Crime,Emma Myers,Zain Iqbal,
2025-10-11,01:02:26,2025-10-11 01:02:26,A Good Girl's Guide to Murder: Season 1: Episode 2 (Episode 2),A Good Girl's Guide to Murder,serie,1,Episode 2,2,39.6,Xiaomi aquaman Streaming Stick,Crime,Emma Myers,Zain Iqbal,
2025-10-11,01:42:28,2025-10-11 01:42:28,A Good Girl's Guide to Murder: Season 1: Episode 3 (Episode 3),A Good Girl's Guide to Murder,serie,1,Episode 3,3,39.8,Xiaomi aquaman Streaming Stick,Crime,Emma Myers,Zain Iqbal,
2025-10-11,02:22:18,2025-10-11 02:22:18,A Good Girl's Guide to Murder: Season 1: Episode 4 (Episode 4),A Good Girl's Guide to Murder,serie,1,Episode 4,4,40.9,Xiaomi aquaman Streaming Stick,Crime,Emma Myers,Zain Iqbal,
2025-10-11,03:03:14,2025-10-11 03:03:14,A Good Girl's Guide to Murder: Season 1: Episode 5 (Episode 5),A Good Girl's Guide to Murder,serie,1,Episode 5,5,46.8,Xiaomi aquaman Streaming Stick,Crime,Emma Myers,Zain Iqbal,
2025-10-11,03:50:03,2025-10-11 03:50:03,A Good Girl's Guide to Murder: Season 1: Episode 6 (Episode 6),A Good Girl's Guide to Murder,serie,1,Episode 6,6,0.1,Xiaomi aquaman Streaming Stick,Crime,Emma Myers,Zain Iqbal,
2025-10-11,13:33:57,2025-10-11 13:33:57,A Good Girl's Guide to Murder: Season 1: Episode 6 (Episode 6),A Good Girl's Guide to Murder,serie,1,Episode 6,6,0.1,Xiaomi aquaman Streaming Stick,Crime,Emma Myers,Zain Iqbal,
2025-10-11,13:34:12,2025-10-11 13:34:12,A Good Girl's Guide to Murder: Season 1: Episode 5 (Episode 5),A Good Girl's Guide to Murder,serie,1,Episode 5,5,51.0,Xiaomi aquaman Streaming Stick,Crime,Emma Myers,Zain Iqbal,
2025-10-11,14:25:27,2025-10-11 14:25:27,A Good Girl's Guide to Murder: Season 1: Episode 6 (Episode 6),A Good Girl's Guide to Murder,serie,1,Episode 6,6,47.6,Xiaomi aquaman Streaming Stick,Crime,Emma Myers,Zain Iqbal,
2025-10-11,15:13:34,2025-10-11 15:13:34,The Woman in Cabin 10,The Woman in Cabin 10,pelicula,,,,93.7,Xiaomi aquaman Streaming Stick,Drama,Keira Knightley,Guy Pearce,28
2025-10-20,19:54:55,2025-10-20 19:54:55,Old Money: Season 1: Episode 1 (Episode 1),Old Money,serie,1,Episode 1,1,46.2,DefaultWidevineAndroidTablets,Drama,Engin Akyürek,Asli Enver,
2025-10-20,20:41:18,2025-10-20 20:41:18,Old Money: Season 1: Episode 2 (Episode 2),Old Money,serie,1,Episode 2,2,11.3,DefaultWidevineAndroidTablets,Drama,Engin Akyürek,Asli Enver,
2025-10-24,22:19:05,2025-10-24 22:19:05,The Diplomat: Season 1: The Cinderella Thing (Episode 1),The Diplomat,serie,1,The Cinderella Thing,1,47.2,DefaultWidevineAndroidTablets,Drama,Keri Russell,Rufus Sewell,
2025-10-24,23:06:18,2025-10-24 23:06:18,The Diplomat: Season 1: Don't Call It a Kidnapping (Episode 2),The Diplomat,serie,1,Don't Call It a Kidnapping,2,50.6,DefaultWidevineAndroidTablets,Drama,Keri Russell,Rufus Sewell,
2025-10-24,23:56:55,2025-10-24 23:56:55,The Diplomat: Season 1: Lambs in the Dark (Episode 3),The Diplomat,serie,1,Lambs in the Dark,3,9.0,DefaultWidevineAndroidTablets,Drama,Keri Russell,Rufus Sewell,
2025-10-27,22:39:52,2025-10-27 22:39:52,The Diplomat: Season 1: Lambs in the Dark (Episode 3),The Diplomat,serie,1,Lambs in the Dark,3,48.3,DefaultWidevineAndroidPhone,Drama,Keri Russell,Rufus Sewell,
2025-10-27,23:28:13,2025-10-27 23:28:13,The Diplomat: Season 1: He Bought a Hat (Episode 4),The Diplomat,serie,1,He Bought a Hat,4,21.6,DefaultWidevineAndroidPhone,Drama,Keri Russell,Rufus Sewell,
2025-10-28,21:29:50,2025-10-28 21:29:50,The Diplomat: Season 1: He Bought a Hat (Episode 4),The Diplomat,serie,1,He Bought a Hat,4,21.8,DefaultWidevineAndroidTablets,Drama,Keri Russell,Rufus Sewell,
2025-10-28,21:51:40,2025-10-28 21:51:40,The Diplomat: Season 1: The Dogcatcher (Episode 5),The Diplomat,serie,1,The Dogcatcher,5,37.6,DefaultWidevineAndroidTablets,Drama,Keri Russell,Rufus Sewell,
2025-10-30,23:27:01,2025-10-30 23:27:01,The Diplomat: Season 1: The Dogcatcher (Episode 5),The Diplomat,serie,1,The Dogcatcher,5,9.7,DefaultWidevineAndroidTablets,Drama,Keri Russell,Rufus Sewell,
2025-11-01,17:07:45,2025-11-01 17:07:45,The Diplomat: Season 1: The Dogcatcher (Episode 5),The Diplomat,serie,1,The Dogcatcher,5,0.2,DefaultWidevineAndroidTablets,Drama,Keri Russell,Rufus Sewell,
2025-11-01,17:08:11,2025-11-01 17:08:11,Breathless: Season 1: Last Man Standing (Episode 6),Breathless,serie,1,Last Man Standing,6,35.0,DefaultWidevineAndroidTablets,Drama,Najwa Nimri,Aitana Sánchez-Gijón,
2025-11-01,17:43:39,2025-11-01 17:43:39,Breathless: Season 1: Last Man Standing (Episode 6),Breathless,serie,1,Last Man Standing,6,5.7,Samsung CE 2024 Kant-SU2e UHD Smart TV,Drama,Najwa Nimri,Aitana Sánchez-Gijón,
2025-11-01,17:49:42,2025-11-01 17:49:42,Breathless: Season 1: Scorched Earth (Episode 7),Breathless,serie,1,Scorched Earth,7,49.3,Samsung CE 2024 Kant-SU2e UHD Smart TV,Drama,Najwa Nimri,Aitana Sánchez-Gijón,
2025-11-01,18:39:52,2025-11-01 18:39:52,Breathless: Season 1: Scorched Earth (Episode 7),Breathless,serie,1,Scorched Earth,7,0.3,Samsung CE 2024 Kant-SU2e UHD Smart TV,Drama,Najwa Nimri,Aitana Sánchez-Gijón,
2025-11-01,18:40:12,2025-11-01 18:40:12,Breathless: Season 1: Cold Drop (Episode 8),Breathless,serie,1,Cold Drop,8,48.2,Samsung CE 2024 Kant-SU2e UHD Smart TV,Drama,Najwa Nimri,Aitana Sánchez-Gijón,
2025-11-01,19:28:26,2025-11-01 19:28:26,Breathless: Season 2: Changes (Episode 1),Breathless,serie,2,Changes,1,51.8,Samsung CE 2024 Kant-SU2e UHD Smart TV,Drama,Najwa Nimri,Aitana Sánchez-Gijón,
2025-11-01,20:23:45,2025-11-01 20:23:45,Breathless: Season 2: Scared (Episode 2),Breathless,serie,2,Scared,2,48.8,Samsung CE 2024 Kant-SU2e UHD Smart TV,Drama,Najwa Nimri,Aitana Sánchez-Gijón,
2025-11-01,21:12:33,2025-11-01 21:12:33,Breathless: Season 2: Critical Phase (Episode 3),Breathless,serie,2,Critical Phase,3,48.3,Samsung CE 2024 Kant-SU2e UHD Smart TV,Drama,Najwa Nimri,Aitana Sánchez-Gijón,
2025-11-01,22:00:56,2025-11-01 22:00:56,"Breathless: Season 2: First, Do No Harm (Episode 4)",Breathless,serie,2,"First, Do No Harm",4,50.4,Samsung CE 2024 Kant-SU2e UHD Smart TV,Drama,Najwa Nimri,Aitana Sánchez-Gijón,
2025-11-01,22:51:20,2025-11-01 22:51:20,Breathless: Season 2: Guilt and Forgiveness (Episode 5),Breathless,serie,2,Guilt and Forgiveness,5,40.4,Samsung CE 2024 Kant-SU2e UHD Smart TV,Drama,Najwa Nimri,Aitana Sánchez-Gijón,
2025-11-01,23:35:22,2025-11-01 23:35:22,Breathless: Season 2: For a Better Future (Episode 6),Breathless,serie,2,For a Better Future,6,32.1,Samsung CE 2024 Kant-SU2e UHD Smart TV,Drama,Najwa Nimri,Aitana Sánchez-Gijón,
2025-11-02,21:04:11,2025-11-02 21:04:11,"Old Dog, New Tricks: Season 1: Kawanda Family (Episode 1)","Old Dog, New Tricks",serie,1,Kawanda Family,1,0.0,DefaultWidevineAndroidTablets,Comedy,Luis Zahera,Lucía Caraballo,
2025-11-02,21:04:20,2025-11-02 21:04:20,"Old Dog, New Tricks: Season 1: Kawanda Family (Episode 1)","Old Dog, New Tricks",serie,1,Kawanda Family,1,28.3,Samsung CE 2024 Kant-SU2e UHD Smart TV,Comedy,Luis Zahera,Lucía Caraballo,
2025-11-02,21:32:53,2025-11-02 21:32:53,"Old Dog, New Tricks: Season 1: Smile Begets Smile (Episode 2)","Old Dog, New Tricks",serie,1,Smile Begets Smile,2,16.9,Samsung CE 2024 Kant-SU2e UHD Smart TV,Comedy,Luis Zahera,Lucía Caraballo,
2025-11-16,03:28:18,2025-11-16 03:28:18,Breathless: Season 2: For a Better Future (Episode 6),Breathless,serie,2,For a Better Future,6,0.4,DefaultWidevineAndroidTablets,Drama,Najwa Nimri,Aitana Sánchez-Gijón,
2025-11-16,03:28:57,2025-11-16 03:28:57,Breathless: Season 2: Guilt and Forgiveness (Episode 5),Breathless,serie,2,Guilt and Forgiveness,5,40.5,DefaultWidevineAndroidTablets,Drama,Najwa Nimri,Aitana Sánchez-Gijón,
2025-11-16,04:09:28,2025-11-16 04:09:28,Breathless: Season 2: For a Better Future (Episode 6),Breathless,serie,2,For a Better Future,6,46.9,DefaultWidevineAndroidTablets,Drama,Najwa Nimri,Aitana Sánchez-Gijón,
2025-11-16,04:56:22,2025-11-16 04:56:22,Breathless: Season 2: The Longest Day (Episode 7),Breathless,serie,2,The Longest Day,7,47.7,DefaultWidevineAndroidTablets,Drama,Najwa Nimri,Aitana Sánchez-Gijón,
2025-11-16,05:44:05,2025-11-16 05:44:05,Breathless: Season 2: Elections (Episode 8),Breathless,serie,2,Elections,8,8.9,DefaultWidevineAndroidTablets,Drama,Najwa Nimri,Aitana Sánchez-Gijón,
2025-11-30,02:12:00,2025-11-30 02:12:00,"Stranger Things: Stranger Things 3: Chapter One: Suzie, Do You Copy? (Episode 1)",Stranger Things,serie,3,"Chapter One: Suzie, Do You Copy?",1,0.2,Claro Argentina SEI800AMXAR MVPD STB,Drama,Millie Bobby Brown,Finn Wolfhard,
2025-11-30,02:24:36,2025-11-30 02:24:36,"Stranger Things: Stranger Things 3: Chapter One: Suzie, Do You Copy? (Episode 1)",Stranger Things,serie,3,"Chapter One: Suzie, Do You Copy?",1,16.4,Claro Argentina SEI800AMXAR MVPD STB,Drama,Millie Bobby Brown,Finn Wolfhard,
2025-11-30,02:41:29,2025-11-30 02:41:29,Stranger Things: Stranger Things 3: Chapter Two: The Mall Rats (Episode 2),Stranger Things,serie,3,Chapter Two: The Mall Rats,2,47.0,Claro Argentina SEI800AMXAR MVPD STB,Drama,Millie Bobby Brown,Finn Wolfhard,
2025-11-30,03:28:31,2025-11-30 03:28:31,Stranger Things: Stranger Things 3: Chapter Three: The Case of the Missing Lifeguard (Episode 3),Stranger Things,serie,3,Chapter Three: The Case of the Missing Lifeguard,3,46.6,Claro Argentina SEI800AMXAR MVPD STB,Drama,Millie Bobby Brown,Finn Wolfhard,
2025-11-30,04:15:12,2025-11-30 04:15:12,Stranger Things: Stranger Things 3: Chapter Four: The Sauna Test (Episode 4),Stranger Things,serie,3,Chapter Four: The Sauna Test,4,49.6,Claro Argentina SEI800AMXAR MVPD STB,Drama,Millie Bobby Brown,Finn Wolfhard,
2025-11-30,05:07:49,2025-11-30 05:07:49,Stranger Things: Stranger Things 3: Chapter Five: The Flayed (Episode 5),Stranger Things,serie,3,Chapter Five: The Flayed,5,48.9,Claro Argentina SEI800AMXAR MVPD STB,Drama,Millie Bobby Brown,Finn Wolfhard,
2025-11-30,05:56:46,2025-11-30 05:56:46,Stranger Things: Stranger Things 3: Chapter Six: E Pluribus Unum (Episode 6),Stranger Things,serie,3,Chapter Six: E Pluribus Unum,6,56.4,Claro Argentina SEI800AMXAR MVPD STB,Drama,Millie Bobby Brown,Finn Wolfhard,
2025-11-30,06:53:10,2025-11-30 06:53:10,Stranger Things: Stranger Things 3: Chapter Seven: The Bite (Episode 7),Stranger Things,serie,3,Chapter Seven: The Bite,7,1.9,Claro Argentina SEI800AMXAR MVPD STB,Drama,Millie Bobby Brown,Finn Wolfhard,
2025-11-30,07:24:18,2025-11-30 07:24:18,Stranger Things: Stranger Things 3: Chapter Seven: The Bite (Episode 7),Stranger Things,serie,3,Chapter Seven: The Bite,7,49.9,Claro Argentina SEI800AMXAR MVPD STB,Drama,Millie Bobby Brown,Finn Wolfhard,
2025-11-30,08:14:12,2025-11-30 08:14:12,Stranger Things: Stranger Things 3: Chapter Eight: The Battle of Starcourt (Episode 8),Stranger Things,serie,3,Chapter Eight: The Battle of Starcourt,8,74.8,Claro Argentina SEI800AMXAR MVPD STB,Drama,Millie Bobby Brown,Finn Wolfhard,
2025-11-30,09:29:00,2025-11-30 09:29:00,Stranger Things: Stranger Things 4: Chapter One: The Hellfire Club (Episode 1),Stranger Things,serie,4,Chapter One: The Hellfire Club,1,50.8,Claro Argentina SEI800AMXAR MVPD STB,Drama,Millie Bobby Brown,Finn Wolfhard,
2025-11-30,10:24:20,2025-11-30 10:24:20,Stranger Things: Stranger Things 4: Chapter One: The Hellfire Club (Episode 1),Stranger Things,serie,4,Chapter One: The Hellfire Club,1,69.5,Claro Argentina SEI800AMXAR MVPD STB,Drama,Millie Bobby Brown,Finn Wolfhard,
2025-11-30,18:30:53,2025-11-30 18:30:53,Stranger Things: Stranger Things 4: Chapter One: The Hellfire Club (Episode 1),Stranger Things,serie,4,Chapter One: The Hellfire Club,1,18.0,DefaultWidevineAndroidTablets,Drama,Millie Bobby Brown,Finn Wolfhard,
2025-11-30,18:49:49,2025-11-30 18:49:49,Stranger Things: Stranger Things 4: Chapter Two: Vecna's Curse (Episode 2),Stranger Things,serie,4,Chapter Two: Vecna's Curse,2,0.1,DefaultWidevineAndroidTablets,Drama,Millie Bobby Brown,Finn Wolfhard,
2025-11-30,18:50:13,2025-11-30 18:50:13,Stranger Things: Stranger Things 4: Chapter Two: Vecna's Curse (Episode 2),Stranger Things,serie,4,Chapter Two: Vecna's Curse,2,0.1,DefaultWidevineAndroidTablets,Drama,Millie Bobby Brown,Finn Wolfhard,
2025-11-30,18:51:22,2025-11-30 18:51:22,Stranger Things: Stranger Things 4: Chapter Two: Vecna's Curse (Episode 2),Stranger Things,serie,4,Chapter Two: Vecna's Curse,2,72.8,Samsung CE 2024 Kant-SU2e UHD Smart TV,Drama,Millie Bobby Brown,Finn Wolfhard,
2025-11-30,20:04:17,2025-11-30 20:04:17,Stranger Things: Stranger Things 4: Chapter Three: The Monster and the Superhero (Episode 3),Stranger Things,serie,4,Chapter Three: The Monster and the Superhero,3,0.1,Samsung CE 2024 Kant-SU2e UHD Smart TV,Drama,Millie Bobby Brown,Finn Wolfhard,
2025-11-30,22:01:40,2025-11-30 22:01:40,Stranger Things: Stranger Things 4: Chapter Three: The Monster and the Superhero (Episode 3),Stranger Things,serie,4,Chapter Three: The Monster and the Superhero,3,60.0,Samsung CE 2024 Kant-SU2e UHD Smart TV,Drama,Millie Bobby Brown,Finn Wolfhard,
2025-11-30,23:06:37,2025-11-30 23:06:37,Stranger Things: Stranger Things 4: Chapter Four: Dear Billy (Episode 4),Stranger Things,serie,4,Chapter Four: Dear Billy,4,5.4,Samsung CE 2024 Kant-SU2e UHD Smart TV,Drama,Millie Bobby Brown,Finn Wolfhard,
2025-12-02,21:10:21,2025-12-02 21:10:21,Stranger Things: Stranger Things 4: Chapter Four: Dear Billy (Episode 4),Stranger Things,serie,4,Chapter Four: Dear Billy,4,68.5,Samsung CE 2024 Kant-SU2e UHD Smart TV,Drama,Millie Bobby Brown,Finn Wolfhard,
2025-12-02,22:20:56,2025-12-02 22:20:56,Stranger Things: Stranger Things 4: Chapter Five: The Nina Project (Episode 5),Stranger Things,serie,4,Chapter Five: The Nina Project,5,71.8,Samsung CE 2024 Kant-SU2e UHD Smart TV,Drama,Millie Bobby Brown,Finn Wolfhard,
2025-12-03,22:57:21,2025-12-03 22:57:21,Stranger Things: Stranger Things 4: Chapter Six: The Dive (Episode 6),Stranger Things,serie,4,Chapter Six: The Dive,6,70.5,Samsung CE 2024 Kant-SU2e UHD Smart TV,Drama,Millie Bobby Brown,Finn Wolfhard,
2025-12-04,00:07:55,2025-12-04 00:07:55,Stranger Things: Stranger Things 4: Chapter Seven: The Massacre at Hawkins Lab (Episode 7),Stranger Things,serie,4,Chapter Seven: The Massacre at Hawkins Lab,7,0.2,Samsung CE 2024 Kant-SU2e UHD Smart TV,Drama,Millie Bobby Brown,Finn Wolfhard,
2025-12-05,14:13:13,2025-12-05 14:13:13,Stranger Things: Stranger Things 4: Chapter Seven: The Massacre at Hawkins Lab (Episode 7),Stranger Things,serie,4,Chapter Seven: The Massacre at Hawkins Lab,7,96.0,Samsung CE 2024 Kant-SU2e UHD Smart TV,Drama,Millie Bobby Brown,Finn Wolfhard,
2025-12-05,23:31:29,2025-12-05 23:31:29,Stranger Things: Stranger Things 4: Chapter Eight: Papa (Episode 8),Stranger Things,serie,4,Chapter Eight: Papa,8,28.5,Samsung CE 2024 Kant-SU2e UHD Smart TV,Drama,Millie Bobby Brown,Finn Wolfhard,
2025-12-07,12:26:18,2025-12-07 12:26:18,Stranger Things: Stranger Things 4: Chapter Eight: Papa (Episode 8),Stranger Things,serie,4,Chapter Eight: Papa,8,57.4,Samsung CE 2024 Kant-SU2e UHD Smart TV,Drama,Millie Bobby Brown,Finn Wolfhard,
2025-12-07,13:25:08,2025-12-07 13:25:08,Stranger Things: Stranger Things 4: Chapter Nine: The Piggyback (Episode 9),Stranger Things,serie,4,Chapter Nine: The Piggyback,9,137.3,Samsung CE 2024 Kant-SU2e UHD Smart TV,Drama,Millie Bobby Brown,Finn Wolfhard,
2025-12-07,22:16:19,2025-12-07 22:16:19,Stranger Things: Stranger Things 5: Chapter One: The Crawl (Episode 1),Stranger Things,serie,5,Chapter One: The Crawl,1,66.0,Samsung CE 2024 Kant-SU2e UHD Smart TV,Drama,Millie Bobby Brown,Finn Wolfhard,
2025-12-07,23:25:34,2025-12-07 23:25:34,Stranger Things: Stranger Things 5: Chapter Two: The Vanishing of Holly Wheeler (Episode 2),Stranger Things,serie,5,Chapter Two: The Vanishing of Holly Wheeler,2,30.1,Samsung CE 2024 Kant-SU2e UHD Smart TV,Drama,Millie Bobby Brown,Finn Wolfhard,
2025-12-08,19:27:15,2025-12-08 19:27:15,Stranger Things: Stranger Things 5: Chapter Two: The Vanishing of Holly Wheeler (Episode 2),Stranger Things,serie,5,Chapter Two: The Vanishing of Holly Wheeler,2,22.5,Samsung CE 2024 Kant-SU2e UHD Smart TV,Drama,Millie Bobby Brown,Finn Wolfhard,
2025-12-08,22:15:20,2025-12-08 22:15:20,Stranger Things: Stranger Things 5: Chapter Three: The Turnbow Trap (Episode 3),Stranger Things,serie,5,Chapter Three: The Turnbow Trap,3,63.9,Samsung CE 2024 Kant-SU2e UHD Smart TV,Drama,Millie Bobby Brown,Finn Wolfhard,
2025-12-10,22:16:17,2025-12-10 22:16:17,Stranger Things: Stranger Things 5: Chapter Four: Sorcerer (Episode 4),Stranger Things,serie,5,Chapter Four: Sorcerer,4,81.0,Samsung CE 2024 Kant-SU2e UHD Smart TV,Drama,Millie Bobby Brown,Finn Wolfhard,
2025-12-12,22:13:53,2025-12-12 22:13:53,Envious: Season 1: All About Vicky (Episode 1),Envious,serie,1,All About Vicky,1,31.4,Samsung CE 2024 Kant-SU2e UHD Smart TV,Comedy,Pilar Uribe,Griselda Siciliani,
2025-12-12,22:51:17,2025-12-12 22:51:17,The Woman in Cabin 10,The Woman in Cabin 10,pelicula,,,,18.0,Samsung CE 2024 Kant-SU2e UHD Smart TV,Drama,Keira Knightley,Guy Pearce,28
2025-12-19,20:51:09,2025-12-19 20:51:09,Envious: Season 3: Planting The Flag (Episode 1),Envious,serie,3,Planting The Flag,1,19.7,Samsung CE 2024 Kant-SU2e UHD Smart TV,Comedy,Pilar Uribe,Griselda Siciliani,
2025-12-22,22:21:06,2025-12-22 22:21:06,The Diplomat: Season 1: The Dogcatcher (Episode 5),The Diplomat,serie,1,The Dogcatcher,5,4.1,Samsung CE 2024 Kant-SU2e UHD Smart TV,Drama,Keri Russell,Rufus Sewell,
2025-12-22,22:25:49,2025-12-22 22:25:49,The Diplomat: Season 1: Some Lusty Tornado (Episode 6),The Diplomat,serie,1,Some Lusty Tornado,6,51.3,Samsung CE 2024 Kant-SU2e UHD Smart TV,Drama,Keri Russell,Rufus Sewell,
2025-12-22,23:17:12,2025-12-22 23:17:12,The Diplomat: Season 1: Keep Your Enemies Closer (Episode 7),The Diplomat,serie,1,Keep Your Enemies Closer,7,11.3,Samsung CE 2024 Kant-SU2e UHD Smart TV,Drama,Keri Russell,Rufus Sewell,
2025-12-24,17:12:40,2025-12-24 17:12:40,Nobody Wants This: Season 1: Pilot (Episode 1),Nobody Wants This,serie,1,Pilot,1,18.4,Samsung CE 2024 Kant-SU2e UHD Smart TV,Comedy,Kristen Bell,Adam Brody,
2025-12-24,17:31:26,2025-12-24 17:31:26,Nobody Wants This: Season 1: Pilot (Episode 1),Nobody Wants This,serie,1,Pilot,1,6.4,Samsung CE 2024 Kant-SU2e UHD Smart TV,Comedy,Kristen Bell,Adam Brody,
2025-12-24,17:37:55,2025-12-24 17:37:55,Nobody Wants This: Season 1: A Shiksa Walks Into a Temple (Episode 2),Nobody Wants This,serie,1,A Shiksa Walks Into a Temple,2,24.9,Samsung CE 2024 Kant-SU2e UHD Smart TV,Comedy,Kristen Bell,Adam Brody,
2025-12-24,18:02:50,2025-12-24 18:02:50,Nobody Wants This: Season 1: Either Aura (Episode 3),Nobody Wants This,serie,1,Either Aura,3,1.0,Samsung CE 2024 Kant-SU2e UHD Smart TV,Comedy,Kristen Bell,Adam Brody,
2025-12-27,00:32:54,2025-12-27 00:32:54,Stranger Things: Stranger Things 5: Chapter Five: Shock Jock (Episode 5),Stranger Things,serie,5,Chapter Five: Shock Jock,5,62.9,Samsung CE 2024 Kant-SU2e UHD Smart TV,Drama,Millie Bobby Brown,Finn Wolfhard,
2025-12-27,11:17:21,2025-12-27 11:17:21,Stranger Things: Stranger Things 5: Chapter Five: Shock Jock (Episode 5),Stranger Things,serie,5,Chapter Five: Shock Jock,5,12.1,Samsung CE 2024 Kant-SU2e UHD Smart TV,Drama,Millie Bobby Brown,Finn Wolfhard,
2025-12-27,11:30:54,2025-12-27 11:30:54,Stranger Things: Stranger Things 5: Chapter Six: Escape from Camazotz (Episode 6),Stranger Things,serie,5,Chapter Six: Escape from Camazotz,6,70.7,Samsung CE 2024 Kant-SU2e UHD Smart TV,Drama,Millie Bobby Brown,Finn Wolfhard,
2025-12-27,12:43:50,2025-12-27 12:43:50,Stranger Things: Stranger Things 5: Chapter Seven: The Bridge (Episode 7),Stranger Things,serie,5,Chapter Seven: The Bridge,7,6.2,Samsung CE 2024 Kant-SU2e UHD Smart TV,Drama,Millie Bobby Brown,Finn Wolfhard,
2025-12-27,13:21:04,2025-12-27 13:21:04,Stranger Things: Stranger Things 5: Chapter Seven: The Bridge (Episode 7),Stranger Things,serie,5,Chapter Seven: The Bridge,7,54.8,Samsung CE 2024 Kant-SU2e UHD Smart TV,Drama,Millie Bobby Brown,Finn Wolfhard,
2025-12-27,14:53:30,2025-12-27 14:53:30,Nobody Wants This: Season 1: Either Aura (Episode 3),Nobody Wants This,serie,1,Either Aura,3,3.2,DefaultWidevineAndroidTablets,Comedy,Kristen Bell,Adam Brody,
2025-12-27,14:57:43,2025-12-27 14:57:43,Nobody Wants This: Season 1: Either Aura (Episode 3),Nobody Wants This,serie,1,Either Aura,3,16.5,Samsung CE 2024 Kant-SU2e UHD Smart TV,Comedy,Kristen Bell,Adam Brody,
2025-12-27,15:14:18,2025-12-27 15:14:18,Nobody Wants This: Season 1: Obliterated (Episode 4),Nobody Wants This,serie,1,Obliterated,4,25.4,Samsung CE 2024 Kant-SU2e UHD Smart TV,Comedy,Kristen Bell,Adam Brody,
2025-12-27,15:39:45,2025-12-27 15:39:45,Nobody Wants This: Season 1: My Friend Joanne (Episode 5),Nobody Wants This,serie,1,My Friend Joanne,5,26.1,Samsung CE 2024 Kant-SU2e UHD Smart TV,Comedy,Kristen Bell,Adam Brody,
2025-12-27,16:05:52,2025-12-27 16:05:52,Nobody Wants This: Season 1: The Ick (Episode 6),Nobody Wants This,serie,1,The Ick,6,21.1,Samsung CE 2024 Kant-SU2e UHD Smart TV,Comedy,Kristen Bell,Adam Brody,
2025-12-27,16:27:03,2025-12-27 16:27:03,Nobody Wants This: Season 1: WAGS (Episode 7),Nobody Wants This,serie,1,WAGS,7,23.4,Samsung CE 2024 Kant-SU2e UHD Smart TV,Comedy,Kristen Bell,Adam Brody,
2025-12-27,16:50:32,2025-12-27 16:50:32,Nobody Wants This: Season 1: Rebecca's Box (Episode 8),Nobody Wants This,serie,1,Rebecca's Box,8,0.1,Samsung CE 2024 Kant-SU2e UHD Smart TV,Comedy,Kristen Bell,Adam Brody,
2025-12-27,20:07:55,2025-12-27 20:07:55,Nobody Wants This: Season 1: Rebecca's Box (Episode 8),Nobody Wants This,serie,1,Rebecca's Box,8,26.0,Samsung CE 2024 Kant-SU2e UHD Smart TV,Comedy,Kristen Bell,Adam Brody,
2025-12-27,20:33:57,2025-12-27 20:33:57,Nobody Wants This: Season 1: My Girl Bina (Episode 9),Nobody Wants This,serie,1,My Girl Bina,9,19.0,Samsung CE 2024 Kant-SU2e UHD Smart TV,Comedy,Kristen Bell,Adam Brody,
2025-12-27,20:53:21,2025-12-27 20:53:21,Nobody Wants This: Season 1: Bat Mitzvah Crashers (Episode 10),Nobody Wants This,serie,1,Bat Mitzvah Crashers,10,29.0,Samsung CE 2024 Kant-SU2e UHD Smart TV,Comedy,Kristen Bell,Adam Brody,
2025-12-27,21:22:26,2025-12-27 21:22:26,Nobody Wants This: Season 2: Dinner Party (Episode 1),Nobody Wants This,serie,2,Dinner Party,1,0.1,Samsung CE 2024 Kant-SU2e UHD Smart TV,Comedy,Kristen Bell,Adam Brody,
2025-12-27,23:29:20,2025-12-27 23:29:20,Knives Out,Knives Out,pelicula,,,,125.4,Samsung CE 2024 Kant-SU2e UHD Smart TV,Comedy,Daniel Craig,Chris Evans,97
2025-12-28,02:23:13,2025-12-28 02:23:13,Nobody Wants This: Season 2: Dinner Party (Episode 1),Nobody Wants This,serie,2,Dinner Party,1,24.4,DefaultWidevineAndroidTablets,Comedy,Kristen Bell,Adam Brody,
2025-12-28,02:47:44,2025-12-28 02:47:44,Nobody Wants This: Season 2: Leave It at the Tree (Episode 2),Nobody Wants This,serie,2,Leave It at the Tree,2,23.4,DefaultWidevineAndroidTablets,Comedy,Kristen Bell,Adam Brody,
2026-01-01,13:41:37,2026-01-01 13:41:37,Nobody Wants This: Season 2: The Unethical Therapist (Episode 3),Nobody Wants This,serie,2,The Unethical Therapist,3,26.1,Samsung CE 2024 Kant-SU2e UHD Smart TV,Comedy,Kristen Bell,Adam Brody,
2026-01-01,14:07:48,2026-01-01 14:07:48,Nobody Wants This: Season 2: Valentine's Day (Episode 4),Nobody Wants This,serie,2,Valentine's Day,4,8.2,Samsung CE 2024 Kant-SU2e UHD Smart TV,Comedy,Kristen Bell,Adam Brody,
2026-01-01,14:48:09,2026-01-01 14:48:09,Stranger Things: Stranger Things 5: Chapter Eight: The Rightside Up (Episode 8),Stranger Things,serie,5,Chapter Eight: The Rightside Up,8,125.4,Samsung CE 2024 Kant-SU2e UHD Smart TV,Drama,Millie Bobby Brown,Finn Wolfhard,
2026-01-02,23:03:00,2026-01-02 23:03:00,Glass Onion: A Knives Out Mystery,Glass Onion: A Knives Out Mystery,pelicula,,,,132.6,Samsung CE 2024 Kant-SU2e UHD Smart TV,Comedy,Daniel Craig,Edward Norton,91
2026-01-03,22:57:50,2026-01-03 22:57:50,Wake Up Dead Man: A Knives Out Mystery,Wake Up Dead Man: A Knives Out Mystery,pelicula,,,,137.8,Samsung CE 2024 Kant-SU2e UHD Smart TV,Comedy,Daniel Craig,Josh O'Connor,
2026-01-05,00:07:37,2026-01-05 00:07:37,Nobody Wants This: Season 2: Valentine's Day (Episode 4),Nobody Wants This,serie,2,Valentine's Day,4,28.8,Claro Argentina SEI800AMXAR MVPD STB,Comedy,Kristen Bell,Adam Brody,
2026-01-05,00:36:37,2026-01-05 00:36:37,Nobody Wants This: Season 2: Abby Loves Smoothies (Episode 5),Nobody Wants This,serie,2,Abby Loves Smoothies,5,24.2,Claro Argentina SEI800AMXAR MVPD STB,Comedy,Kristen Bell,Adam Brody,
2026-01-05,01:00:53,2026-01-05 01:00:53,Nobody Wants This: Season 2: Anything Can Happen (Episode 6),Nobody Wants This,serie,2,Anything Can Happen,6,25.6,Claro Argentina SEI800AMXAR MVPD STB,Comedy,Kristen Bell,Adam Brody,
2026-01-05,01:26:29,2026-01-05 01:26:29,"Nobody Wants This: Season 2: When You Know, You Know (Episode 7)",Nobody Wants This,serie,2,"When You Know, You Know",7,18.8,Claro Argentina SEI800AMXAR MVPD STB,Comedy,Kristen Bell,Adam Brody,
2026-01-05,01:45:18,2026-01-05 01:45:18,Nobody Wants This: Season 2: A Better Rabbi (Episode 8),Nobody Wants This,serie,2,A Better Rabbi,8,24.1,Claro Argentina SEI800AMXAR MVPD STB,Comedy,Kristen Bell,Adam Brody,
2026-01-05,02:09:38,2026-01-05 02:09:38,Nobody Wants This: Season 2: Crossroads (Episode 9),Nobody Wants This,serie,2,Crossroads,9,19.2,Claro Argentina SEI800AMXAR MVPD STB,Comedy,Kristen Bell,Adam Brody,
2026-01-05,02:28:50,2026-01-05 02:28:50,Nobody Wants This: Season 2: When Noah Met Joanne (Episode 10),Nobody Wants This,serie,2,When Noah Met Joanne,10,25.6,Claro Argentina SEI800AMXAR MVPD STB,Comedy,Kristen Bell,Adam Brody,
2026-01-05,02:54:44,2026-01-05 02:54:44,Envious: Season 3: Planting The Flag (Episode 1),Envious,serie,3,Planting The Flag,1,11.3,Claro Argentina SEI800AMXAR MVPD STB,Comedy,Pilar Uribe,Griselda Siciliani,
2026-01-05,03:06:05,2026-01-05 03:06:05,Envious: Season 3: Tap Water (Episode 2),Envious,serie,3,Tap Water,2,32.2,Claro Argentina SEI800AMXAR MVPD STB,Comedy,Pilar Uribe,Griselda Siciliani,
2026-01-05,03:38:22,2026-01-05 03:38:22,Envious: Season 3: Robocop (Episode 3),Envious,serie,3,Robocop,3,29.1,Claro Argentina SEI800AMXAR MVPD STB,Comedy,Pilar Uribe,Griselda Siciliani,
2026-01-05,04:07:33,2026-01-05 04:07:33,Envious: Season 3: Out to Pasture (Episode 4),Envious,serie,3,Out to Pasture,4,29.8,Claro Argentina SEI800AMXAR MVPD STB,Comedy,Pilar Uribe,Griselda Siciliani,
2026-01-05,04:37:21,2026-01-05 04:37:21,"Envious: Season 3: Booze, Country, Family (Episode 5)",Envious,serie,3,"Booze, Country, Family",5,0.1,Claro Argentina SEI800AMXAR MVPD STB,Comedy,Pilar Uribe,Griselda Siciliani,
2026-01-06,21:44:17,2026-01-06 21:44:17,Run Away: Limited Series: Seeing Is Believing (Episode 1),Run Away,serie,Limited Series,Seeing Is Believing,1,47.1,Samsung CE 2024 Kant-SU2e UHD Smart TV,Crime,James Nesbitt,Minnie Driver,
2026-01-06,22:31:29,2026-01-06 22:31:29,Run Away: Limited Series: Tattoos While U Wait (Episode 2),Run Away,serie,Limited Series,Tattoos While U Wait,2,38.2,Samsung CE 2024 Kant-SU2e UHD Smart TV,Crime,James Nesbitt,Minnie Driver,
2026-01-06,23:40:51,2026-01-06 23:40:51,Run Away: Limited Series: Breaking Point (Episode 3),Run Away,serie,Limited Series,Breaking Point,3,12.0,Samsung CE 2024 Kant-SU2e UHD Smart TV,Crime,James Nesbitt,Minnie Driver,
2026-01-07,22:38:08,2026-01-07 22:38:08,Stranger Things: Stranger Things 5: Chapter Eight: The Rightside Up (Episode 8),Stranger Things,serie,5,Chapter Eight: The Rightside Up,8,0.0,DefaultWidevineAndroidPhone,Drama,Millie Bobby Brown,Finn Wolfhard,
2026-01-07,23:20:21,2026-01-07 23:20:21,Run Away: Limited Series: Breaking Point (Episode 3),Run Away,serie,Limited Series,Breaking Point,3,32.8,Samsung CE 2024 Kant-SU2e UHD Smart TV,Crime,James Nesbitt,Minnie Driver,
2026-01-07,23:53:11,2026-01-07 23:53:11,Run Away: Limited Series: A Different Time (Episode 4),Run Away,serie,Limited Series,A Different Time,4,46.2,Samsung CE 2024 Kant-SU2e UHD Smart TV,Crime,James Nesbitt,Minnie Driver,
2026-01-08,00:45:41,2026-01-08 00:45:41,Run Away: Limited Series: A Different Time (Episode 4),Run Away,serie,Limited Series,A Different Time,4,2.6,DefaultWidevineAndroidPhone,Crime,James Nesbitt,Minnie Driver,
2026-01-08,00:48:22,2026-01-08 00:48:22,Run Away: Limited Series: Forever Be The Shining Truth (Episode 5),Run Away,serie,Limited Series,Forever Be The Shining Truth,5,43.1,DefaultWidevineAndroidPhone,Crime,James Nesbitt,Minnie Driver,
2026-01-08,22:06:37,2026-01-08 22:06:37,Run Away: Limited Series: The Man I Knew (Episode 6),Run Away,serie,Limited Series,The Man I Knew,6,45.8,Samsung CE 2024 Kant-SU2e UHD Smart TV,Crime,James Nesbitt,Minnie Driver,
2026-01-08,22:52:34,2026-01-08 22:52:34,Run Away: Limited Series: Sliding Doors (Episode 7),Run Away,serie,Limited Series,Sliding Doors,7,40.3,Samsung CE 2024 Kant-SU2e UHD Smart TV,Crime,James Nesbitt,Minnie Driver,
2026-01-08,23:32:55,2026-01-08 23:32:55,Run Away: Limited Series: It Stays With Us (Episode 8),Run Away,serie,Limited Series,It Stays With Us,8,43.4,Samsung CE 2024 Kant-SU2e UHD Smart TV,Crime,James Nesbitt,Minnie Driver,
2026-01-09,13:11:11,2026-01-09 13:11:11,HIS & HERS: Limited Series: Episode 1 (Episode 1),HIS & HERS,serie,Limited Series,Episode 1,1,42.6,Samsung CE 2024 Kant-SU2e UHD Smart TV,Crime,Tessa Thompson,Jon Bernthal,
2026-01-09,13:54:05,2026-01-09 13:54:05,HIS & HERS: Limited Series: Episode 2 (Episode 2),HIS & HERS,serie,Limited Series,Episode 2,2,39.6,Samsung CE 2024 Kant-SU2e UHD Smart TV,Crime,Tessa Thompson,Jon Bernthal,
2026-01-09,14:33:43,2026-01-09 14:33:43,HIS & HERS: Limited Series: Episode 3 (Episode 3),HIS & HERS,serie,Limited Series,Episode 3,3,36.2,Samsung CE 2024 Kant-SU2e UHD Smart TV,Crime,Tessa Thompson,Jon Bernthal,
2026-01-09,15:09:58,2026-01-09 15:09:58,HIS & HERS: Limited Series: Episode 4 (Episode 4),HIS & HERS,serie,Limited Series,Episode 4,4,0.1,Samsung CE 2024 Kant-SU2e UHD Smart TV,Crime,Tessa Thompson,Jon Bernthal,
2026-01-10,14:37:17,2026-01-10 14:37:17,HIS & HERS: Limited Series: Episode 4 (Episode 4),HIS & HERS,serie,Limited Series,Episode 4,4,43.3,Samsung CE 2024 Kant-SU2e UHD Smart TV,Crime,Tessa Thompson,Jon Bernthal,
2026-01-10,15:20:49,2026-01-10 15:20:49,HIS & HERS: Limited Series: Episode 5 (Episode 5),HIS & HERS,serie,Limited Series,Episode 5,5,40.2,Samsung CE 2024 Kant-SU2e UHD Smart TV,Crime,Tessa Thompson,Jon Bernthal,
2026-01-10,16:01:19,2026-01-10 16:01:19,HIS & HERS: Limited Series: Episode 6 (Episode 6),HIS & HERS,serie,Limited Series,Episode 6,6,40.7,Samsung CE 2024 Kant-SU2e UHD Smart TV,Crime,Tessa Thompson,Jon Bernthal,
2026-01-10,20:27:26,2026-01-10 20:27:26,Breathless: Season 2: Elections (Episode 8),Breathless,serie,2,Elections,8,56.3,Samsung CE 2024 Kant-SU2e UHD Smart TV,Drama,Najwa Nimri,Aitana Sánchez-Gijón,
2026-01-12,23:15:52,2026-01-12 23:15:52,The Diplomat: Season 1: Keep Your Enemies Closer (Episode 7),The Diplomat,serie,1,Keep Your Enemies Closer,7,27.5,DefaultWidevineAndroidTablets,Drama,Keri Russell,Rufus Sewell,
2026-01-12,23:45:07,2026-01-12 23:45:07,The Diplomat: Season 1: The James Bond Clause (Episode 8),The Diplomat,serie,1,The James Bond Clause,8,23.2,DefaultWidevineAndroidTablets,Drama,Keri Russell,Rufus Sewell,
2026-01-14,13:18:21,2026-01-14 13:18:21,The Diplomat: Season 1: The James Bond Clause (Episode 8),The Diplomat,serie,1,The James Bond Clause,8,17.2,Samsung CE 2024 Kant-SU2e UHD Smart TV,Drama,Keri Russell,Rufus Sewell,
2026-01-14,13:35:41,2026-01-14 13:35:41,The Diplomat: Season 2: When a Stranger Calls (Episode 1),The Diplomat,serie,2,When a Stranger Calls,1,31.1,Samsung CE 2024 Kant-SU2e UHD Smart TV,Drama,Keri Russell,Rufus Sewell,
2026-01-14,17:51:44,2026-01-14 17:51:44,The Diplomat: Season 2: When a Stranger Calls (Episode 1),The Diplomat,serie,2,When a Stranger Calls,1,13.1,Samsung CE 2024 Kant-SU2e UHD Smart TV,Drama,Keri Russell,Rufus Sewell,
2026-01-14,18:05:02,2026-01-14 18:05:02,The Diplomat: Season 2: St. Paul's (Episode 2),The Diplomat,serie,2,St. Paul's,2,35.7,Samsung CE 2024 Kant-SU2e UHD Smart TV,Drama,Keri Russell,Rufus Sewell,
2026-01-14,19:21:37,2026-01-14 19:21:37,The Diplomat: Season 2: St. Paul's (Episode 2),The Diplomat,serie,2,St. Paul's,2,3.7,Samsung CE 2024 Kant-SU2e UHD Smart TV,Drama,Keri Russell,Rufus Sewell,
2026-01-14,19:25:26,2026-01-14 19:25:26,The Diplomat: Season 2: The Ides of March (Episode 3),The Diplomat,serie,2,The Ides of March,3,45.7,Samsung CE 2024 Kant-SU2e UHD Smart TV,Drama,Keri Russell,Rufus Sewell,
2026-01-16,17:05:02,2026-01-16 17:05:02,The Diplomat: Season 2: The Other Army (Episode 4),The Diplomat,serie,2,The Other Army,4,47.4,Samsung CE 2024 Kant-SU2e UHD Smart TV,Drama,Keri Russell,Rufus Sewell,
2026-01-17,17:21:52,2026-01-17 17:21:52,The Diplomat: Season 2: The Other Army (Episode 4),The Diplomat,serie,2,The Other Army,4,5.7,Samsung CE 2024 Kant-SU2e UHD Smart TV,Drama,Keri Russell,Rufus Sewell,
2026-01-17,17:27:39,2026-01-17 17:27:39,The Diplomat: Season 2: Our Lady of Immaculate Deception (Episode 5),The Diplomat,serie,2,Our Lady of Immaculate Deception,5,43.1,Samsung CE 2024 Kant-SU2e UHD Smart TV,Drama,Keri Russell,Rufus Sewell,
2026-01-17,18:10:45,2026-01-17 18:10:45,The Diplomat: Season 2: Dreadnought (Episode 6),The Diplomat,serie,2,Dreadnought,6,59.4,Samsung CE 2024 Kant-SU2e UHD Smart TV,Drama,Keri Russell,Rufus Sewell,
2026-01-17,19:10:27,2026-01-17 19:10:27,The Diplomat: Season 3: Emperor Dead (Episode 1),The Diplomat,serie,3,Emperor Dead,1,0.6,Samsung CE 2024 Kant-SU2e UHD Smart TV,Drama,Keri Russell,Rufus Sewell,
2026-02-14,20:11:16,2026-02-14 20:11:16,Bridgerton: Season 4: The Waltz (Episode 1),Bridgerton,serie,4,The Waltz,1,59.9,Claro Argentina SEI800AMXAR MVPD STB,Drama,Nicola Coughlan,Luke Thompson,
2026-02-14,21:11:21,2026-02-14 21:11:21,Bridgerton: Season 4: Time Transfixed (Episode 2),Bridgerton,serie,4,Time Transfixed,2,61.7,Claro Argentina SEI800AMXAR MVPD STB,Drama,Nicola Coughlan,Luke Thompson,
2026-02-14,22:13:07,2026-02-14 22:13:07,Bridgerton: Season 4: The Field Next to the Other Road (Episode 3),Bridgerton,serie,4,The Field Next to the Other Road,3,66.3,Claro Argentina SEI800AMXAR MVPD STB,Drama,Nicola Coughlan,Luke Thompson,
2026-02-14,23:19:31,2026-02-14 23:19:31,Bridgerton: Season 4: An Offer From a Gentleman (Episode 4),Bridgerton,serie,4,An Offer From a Gentleman,4,60.1,Claro Argentina SEI800AMXAR MVPD STB,Drama,Nicola Coughlan,Luke Thompson,
2026-02-21,16:34:25,2026-02-21 16:34:25,In the Mud: Season 2: Episode 1 (Episode 1),In the Mud,serie,2,Episode 1,1,42.3,Claro Argentina SEI800AMXAR MVPD STB,Crime,Ana Garibaldi,Lorena Vega,
2026-02-21,17:16:42,2026-02-21 17:16:42,In the Mud: Season 2: Episode 2 (Episode 2),In the Mud,serie,2,Episode 2,2,44.5,Claro Argentina SEI800AMXAR MVPD STB,Crime,Ana Garibaldi,Lorena Vega,
2026-02-21,18:01:16,2026-02-21 18:01:16,In the Mud: Season 2: Episode 3 (Episode 3),In the Mud,serie,2,Episode 3,3,38.3,Claro Argentina SEI800AMXAR MVPD STB,Crime,Ana Garibaldi,Lorena Vega,
2026-02-21,19:02:36,2026-02-21 19:02:36,In the Mud: Season 2: Episode 4 (Episode 4),In the Mud,serie,2,Episode 4,4,41.8,Claro Argentina SEI800AMXAR MVPD STB,Crime,Ana Garibaldi,Lorena Vega,
2026-02-21,19:44:28,2026-02-21 19:44:28,In the Mud: Season 2: Episode 5 (Episode 5),In the Mud,serie,2,Episode 5,5,37.3,Claro Argentina SEI800AMXAR MVPD STB,Crime,Ana Garibaldi,Lorena Vega,
2026-02-21,20:21:58,2026-02-21 20:21:58,In the Mud: Season 2: Episode 6 (Episode 6),In the Mud,serie,2,Episode 6,6,39.3,Claro Argentina SEI800AMXAR MVPD STB,Crime,Ana Garibaldi,Lorena Vega,
2026-02-21,21:01:29,2026-02-21 21:01:29,In the Mud: Season 2: Episode 7 (Episode 7),In the Mud,serie,2,Episode 7,7,35.8,Claro Argentina SEI800AMXAR MVPD STB,Crime,Ana Garibaldi,Lorena Vega,
2026-02-21,21:37:17,2026-02-21 21:37:17,In the Mud: Season 2: Episode 8 (Episode 8),In the Mud,serie,2,Episode 8,8,39.0,Claro Argentina SEI800AMXAR MVPD STB,Crime,Ana Garibaldi,Lorena Vega,
2026-02-22,05:18:27,2026-02-22 05:18:27,Unfamiliar: Season 1: Sixteen Years (Episode 1),Unfamiliar,serie,1,Sixteen Years,1,53.1,Claro Argentina SEI800AMXAR MVPD STB,Action,Andreas Pietschmann,Laurence Rupp,
2026-02-22,06:12:52,2026-02-22 06:12:52,Unfamiliar: Season 1: The Truth After (Episode 2),Unfamiliar,serie,1,The Truth After,2,44.3,Claro Argentina SEI800AMXAR MVPD STB,Action,Andreas Pietschmann,Laurence Rupp,
2026-02-22,06:57:11,2026-02-22 06:57:11,Unfamiliar: Season 1: Belarus (Episode 3),Unfamiliar,serie,1,Belarus,3,45.5,Claro Argentina SEI800AMXAR MVPD STB,Action,Andreas Pietschmann,Laurence Rupp,
2026-02-22,07:42:42,2026-02-22 07:42:42,Unfamiliar: Season 1: What Have We Done? (Episode 4),Unfamiliar,serie,1,What Have We Done?,4,0.1,Claro Argentina SEI800AMXAR MVPD STB,Action,Andreas Pietschmann,Laurence Rupp,
2026-02-22,12:19:20,2026-02-22 12:19:20,Unfamiliar: Season 1: What Have We Done? (Episode 4),Unfamiliar,serie,1,What Have We Done?,4,0.2,Claro Argentina SEI800AMXAR MVPD STB,Action,Andreas Pietschmann,Laurence Rupp,
2026-02-22,12:19:41,2026-02-22 12:19:41,Unfamiliar: Season 1: Belarus (Episode 3),Unfamiliar,serie,1,Belarus,3,48.5,Claro Argentina SEI800AMXAR MVPD STB,Action,Andreas Pietschmann,Laurence Rupp,
2026-02-22,13:08:22,2026-02-22 13:08:22,Unfamiliar: Season 1: What Have We Done? (Episode 4),Unfamiliar,serie,1,What Have We Done?,4,48.6,Claro Argentina SEI800AMXAR MVPD STB,Action,Andreas Pietschmann,Laurence Rupp,
2026-02-22,13:57:03,2026-02-22 13:57:03,Unfamiliar: Season 1: StarFish (Episode 5),Unfamiliar,serie,1,StarFish,5,42.0,Claro Argentina SEI800AMXAR MVPD STB,Action,Andreas Pietschmann,Laurence Rupp,
2026-02-26,23:57:59,2026-02-26 23:57:59,Unfamiliar: Season 1: StarFish (Episode 5),Unfamiliar,serie,1,StarFish,5,43.6,Samsung CE 2024 Kant-SU2e UHD Smart TV,Action,Andreas Pietschmann,Laurence Rupp,
2026-02-27,00:41:40,2026-02-27 00:41:40,Unfamiliar: Season 1: Still Alive (Episode 6),Unfamiliar,serie,1,Still Alive,6,7.3,Samsung CE 2024 Kant-SU2e UHD Smart TV,Action,Andreas Pietschmann,Laurence Rupp,
2026-03-01,19:22:56,2026-03-01 19:22:56,Bridgerton: Season 4: Yes or No (Episode 5),Bridgerton,serie,4,Yes or No,5,60.5,Samsung CE 2024 Kant-SU2e UHD Smart TV,Drama,Nicola Coughlan,Luke Thompson,
2026-03-01,20:24:22,2026-03-01 20:24:22,Bridgerton: Season 4: The Passing Winter (Episode 6),Bridgerton,serie,4,The Passing Winter,6,0.0,Samsung CE 2024 Kant-SU2e UHD Smart TV,Drama,Nicola Coughlan,Luke Thompson,
2026-03-03,21:38:00,2026-03-03 21:38:00,Bridgerton: Season 4: The Passing Winter (Episode 6),Bridgerton,serie,4,The Passing Winter,6,64.2,Samsung CE 2024 Kant-SU2e UHD Smart TV,Drama,Nicola Coughlan,Luke Thompson,
2026-03-08,21:29:40,2026-03-08 21:29:40,Bridgerton: Season 4: The Beyond (Episode 7),Bridgerton,serie,4,The Beyond,7,15.3,Samsung CE 2024 Kant-SU2e UHD Smart TV,Drama,Nicola Coughlan,Luke Thompson,
2026-03-21,21:10:47,2026-03-21 21:10:47,Bridgerton: Season 4: The Beyond (Episode 7),Bridgerton,serie,4,The Beyond,7,30.8,Samsung CE 2024 Kant-SU2e UHD Smart TV,Drama,Nicola Coughlan,Luke Thompson,
2026-03-23,17:50:22,2026-03-23 17:50:22,Bridgerton: Season 4: The Beyond (Episode 7),Bridgerton,serie,4,The Beyond,7,36.9,Samsung CE 2024 Kant-SU2e UHD Smart TV,Drama,Nicola Coughlan,Luke Thompson,
2026-03-23,18:27:34,2026-03-23 18:27:34,Bridgerton: Season 4: Dance in the Country (Episode 8),Bridgerton,serie,4,Dance in the Country,8,20.3,Samsung CE 2024 Kant-SU2e UHD Smart TV,Drama,Nicola Coughlan,Luke Thompson,
2026-03-26,19:55:22,2026-03-26 19:55:22,Bridgerton: Season 4: Dance in the Country (Episode 8),Bridgerton,serie,4,Dance in the Country,8,50.0,Samsung CE 2024 Kant-SU2e UHD Smart TV,Drama,Nicola Coughlan,Luke Thompson,
2026-03-26,20:46:18,2026-03-26 20:46:18,Something Very Bad Is Going to Happen: Season 1: Never Get On One Knee (Episode 1),Something Very Bad Is Going to Happen,serie,1,Never Get On One Knee,1,0.2,Samsung CE 2024 Kant-SU2e UHD Smart TV,Drama,Camila Morrone,Adam DiMarco,
2026-03-26,20:51:46,2026-03-26 20:51:46,Something Very Bad Is Going to Happen: Season 1: Never Get On One Knee (Episode 1),Something Very Bad Is Going to Happen,serie,1,Never Get On One Knee,1,46.7,Samsung CE 2024 Kant-SU2e UHD Smart TV,Drama,Camila Morrone,Adam DiMarco,
2026-03-26,21:38:31,2026-03-26 21:38:31,Something Very Bad Is Going to Happen: Season 1: Bride-Shaped Hole (Episode 2),Something Very Bad Is Going to Happen,serie,1,Bride-Shaped Hole,2,45.8,Samsung CE 2024 Kant-SU2e UHD Smart TV,Drama,Camila Morrone,Adam DiMarco,
2026-03-26,22:24:24,2026-03-26 22:24:24,Something Very Bad Is Going to Happen: Season 1: I Will Light You on Fire (Episode 3),Something Very Bad Is Going to Happen,serie,1,I Will Light You on Fire,3,36.9,Samsung CE 2024 Kant-SU2e UHD Smart TV,Drama,Camila Morrone,Adam DiMarco,
2026-03-26,23:01:22,2026-03-26 23:01:22,Something Very Bad Is Going to Happen: Season 1: The Witness (Episode 4),Something Very Bad Is Going to Happen,serie,1,The Witness,4,39.0,Samsung CE 2024 Kant-SU2e UHD Smart TV,Drama,Camila Morrone,Adam DiMarco,
2026-03-26,23:43:45,2026-03-26 23:43:45,Something Very Bad Is Going to Happen: Season 1: I Think You Just Saved My Life (Episode 5),Something Very Bad Is Going to Happen,serie,1,I Think You Just Saved My Life,5,40.5,Samsung CE 2024 Kant-SU2e UHD Smart TV,Drama,Camila Morrone,Adam DiMarco,
2026-03-27,00:24:27,2026-03-27 00:24:27,Something Very Bad Is Going to Happen: Season 1: Last Night of Freedom (Episode 6),Something Very Bad Is Going to Happen,serie,1,Last Night of Freedom,6,45.9,Samsung CE 2024 Kant-SU2e UHD Smart TV,Drama,Camila Morrone,Adam DiMarco,
2026-03-27,01:10:21,2026-03-27 01:10:21,"Something Very Bad Is Going to Happen: Season 1: Something Living, Something Dead, Something Stolen, Something Red (Episode 7)",Something Very Bad Is Going to Happen,serie,1,"Something Living, Something Dead, Something Stolen, Something Red",7,38.5,Samsung CE 2024 Kant-SU2e UHD Smart TV,Drama,Camila Morrone,Adam DiMarco,
2026-03-27,01:48:53,2026-03-27 01:48:53,Something Very Bad Is Going to Happen: Season 1: I Do (Episode 8),Something Very Bad Is Going to Happen,serie,1,I Do,8,59.5,Samsung CE 2024 Kant-SU2e UHD Smart TV,Drama,Camila Morrone,Adam DiMarco,
2026-03-27,02:50:25,2026-03-27 02:50:25,Absentia: Season 1: Comeback (Episode 1),Absentia,serie,1,Comeback,1,0.9,Samsung CE 2024 Kant-SU2e UHD Smart TV,Crime,Stana Katic,Patrick Heusinger,
2026-03-28,00:45:10,2026-03-28 00:45:10,Absentia: Season 1: Comeback (Episode 1),Absentia,serie,1,Comeback,1,13.9,Samsung CE 2024 Kant-SU2e UHD Smart TV,Crime,Stana Katic,Patrick Heusinger,
2026-03-30,00:22:27,2026-03-30 00:22:27,Death Inc.: Season 1: Episode 1 (Episode 1),Death Inc.,serie,1,Episode 1,1,16.8,Samsung CE 2024 Kant-SU2e UHD Smart TV,Comedy,Carlos Areces,Ascen López,
2026-03-30,00:39:19,2026-03-30 00:39:19,Death Inc.: Season 1: Episode 2 (Episode 2),Death Inc.,serie,1,Episode 2,2,26.4,Samsung CE 2024 Kant-SU2e UHD Smart TV,Comedy,Carlos Areces,Ascen López,
2026-03-30,01:05:42,2026-03-30 01:05:42,Death Inc.: Season 1: Episode 3 (Episode 3),Death Inc.,serie,1,Episode 3,3,14.0,Samsung CE 2024 Kant-SU2e UHD Smart TV,Comedy,Carlos Areces,Ascen López,
2026-03-31,22:21:39,2026-03-31 22:21:39,Person of Interest: Season 1: Pilot (Episode 1),Person of Interest,serie,1,Pilot,1,34.6,DefaultWidevineAndroidTablets,Action,Jim Caviezel,Taraji P. Henson,
2026-04-02,22:36:01,2026-04-02 22:36:01,Something Very Bad Is Going to Happen: Season 1: Never Get On One Knee (Episode 1),Something Very Bad Is Going to Happen,serie,1,Never Get On One Knee,1,46.6,Samsung CE 2024 Kant-SU2e UHD Smart TV,Drama,Camila Morrone,Adam DiMarco,
2026-04-03,22:06:32,2026-04-03 22:06:32,Something Very Bad Is Going to Happen: Season 1: Bride-Shaped Hole (Episode 2),Something Very Bad Is Going to Happen,serie,1,Bride-Shaped Hole,2,45.9,Samsung CE 2024 Kant-SU2e UHD Smart TV,Drama,Camila Morrone,Adam DiMarco,
2026-04-03,22:52:31,2026-04-03 22:52:31,Something Very Bad Is Going to Happen: Season 1: I Will Light You on Fire (Episode 3),Something Very Bad Is Going to Happen,serie,1,I Will Light You on Fire,3,37.0,Samsung CE 2024 Kant-SU2e UHD Smart TV,Drama,Camila Morrone,Adam DiMarco,
2026-04-03,23:29:30,2026-04-03 23:29:30,Something Very Bad Is Going to Happen: Season 1: The Witness (Episode 4),Something Very Bad Is Going to Happen,serie,1,The Witness,4,37.5,Samsung CE 2024 Kant-SU2e UHD Smart TV,Drama,Camila Morrone,Adam DiMarco,
2026-04-04,00:10:55,2026-04-04 00:10:55,Something Very Bad Is Going to Happen: Season 1: I Think You Just Saved My Life (Episode 5),Something Very Bad Is Going to Happen,serie,1,I Think You Just Saved My Life,5,0.2,Samsung CE 2024 Kant-SU2e UHD Smart TV,Drama,Camila Morrone,Adam DiMarco,
2026-04-04,15:10:20,2026-04-04 15:10:20,Detective Hole: Season 1: 36 Seconds (Episode 1),Detective Hole,serie,1,36 Seconds,1,58.7,Samsung CE 2024 Kant-SU2e UHD Smart TV,Crime,Tobias Santelmann,Joel Kinnaman,
2026-04-04,16:09:09,2026-04-04 16:09:09,Detective Hole: Season 1: Ghosts (Episode 2),Detective Hole,serie,1,Ghosts,2,36.0,Samsung CE 2024 Kant-SU2e UHD Smart TV,Crime,Tobias Santelmann,Joel Kinnaman,
2026-04-11,23:03:53,2026-04-11 23:03:53,Something Very Bad Is Going to Happen: Season 1: I Think You Just Saved My Life (Episode 5),Something Very Bad Is Going to Happen,serie,1,I Think You Just Saved My Life,5,37.3,Samsung CE 2024 Kant-SU2e UHD Smart TV,Drama,Camila Morrone,Adam DiMarco,
2026-04-11,23:45:24,2026-04-11 23:45:24,Something Very Bad Is Going to Happen: Season 1: Last Night of Freedom (Episode 6),Something Very Bad Is Going to Happen,serie,1,Last Night of Freedom,6,45.8,Samsung CE 2024 Kant-SU2e UHD Smart TV,Drama,Camila Morrone,Adam DiMarco,
2026-04-12,00:34:55,2026-04-12 00:34:55,"Something Very Bad Is Going to Happen: Season 1: Something Living, Something Dead, Something Stolen, Something Red (Episode 7)",Something Very Bad Is Going to Happen,serie,1,"Something Living, Something Dead, Something Stolen, Something Red",7,38.5,Samsung CE 2024 Kant-SU2e UHD Smart TV,Drama,Camila Morrone,Adam DiMarco,
2026-04-12,01:14:05,2026-04-12 01:14:05,Something Very Bad Is Going to Happen: Season 1: I Do (Episode 8),Something Very Bad Is Going to Happen,serie,1,I Do,8,55.9,Samsung CE 2024 Kant-SU2e UHD Smart TV,Drama,Camila Morrone,Adam DiMarco,
2026-04-16,20:26:50,2026-04-16 20:26:50,Sirens: Limited Series: Exile (Episode 1),Sirens,serie,Limited Series,Exile,1,53.3,Samsung CE 2024 Kant-SU2e UHD Smart TV,Comedy,Meghann Fahy,Milly Alcock,
2026-04-16,21:20:25,2026-04-16 21:20:25,Sirens: Limited Series: Talons (Episode 2),Sirens,serie,Limited Series,Talons,2,51.0,Samsung CE 2024 Kant-SU2e UHD Smart TV,Comedy,Meghann Fahy,Milly Alcock,
2026-04-16,22:11:29,2026-04-16 22:11:29,Sirens: Limited Series: Monster (Episode 3),Sirens,serie,Limited Series,Monster,3,50.3,Samsung CE 2024 Kant-SU2e UHD Smart TV,Comedy,Meghann Fahy,Milly Alcock,
2026-04-16,23:01:47,2026-04-16 23:01:47,Sirens: Limited Series: Persephone (Episode 4),Sirens,serie,Limited Series,Persephone,4,48.3,Samsung CE 2024 Kant-SU2e UHD Smart TV,Comedy,Meghann Fahy,Milly Alcock,
2026-04-16,23:50:14,2026-04-16 23:50:14,Sirens: Limited Series: Siren Song (Episode 5),Sirens,serie,Limited Series,Siren Song,5,55.8,Samsung CE 2024 Kant-SU2e UHD Smart TV,Comedy,Meghann Fahy,Milly Alcock,
2026-05-03,17:30:01,2026-05-03 17:30:01,Running Point: Season 2: New Coach Who Dis (Episode 1),Running Point,serie,2,New Coach Who Dis,1,27.9,Chrome PC (Cadmium),Comedy,Kate Hudson,Brenda Song,
2026-05-03,17:57:56,2026-05-03 17:57:56,Running Point: Season 2: The Poacher (Episode 2),Running Point,serie,2,The Poacher,2,22.2,Chrome PC (Cadmium),Comedy,Kate Hudson,Brenda Song,
2026-05-03,18:20:10,2026-05-03 18:20:10,Running Point: Season 2: Triangle of Badness (Episode 3),Running Point,serie,2,Triangle of Badness,3,21.8,Chrome PC (Cadmium),Comedy,Kate Hudson,Brenda Song,
2026-05-03,18:42:00,2026-05-03 18:42:00,Running Point: Season 2: MVP: Marcus Very Pissed (Episode 4),Running Point,serie,2,MVP: Marcus Very Pissed,4,23.8,Chrome PC (Cadmium),Comedy,Kate Hudson,Brenda Song,
2026-05-03,19:05:52,2026-05-03 19:05:52,Running Point: Season 2: Rehearsal Dinner (Episode 5),Running Point,serie,2,Rehearsal Dinner,5,29.3,Chrome PC (Cadmium),Comedy,Kate Hudson,Brenda Song,
2026-05-03,19:35:12,2026-05-03 19:35:12,Running Point: Season 2: The Strike (Episode 6),Running Point,serie,2,The Strike,6,26.9,Chrome PC (Cadmium),Comedy,Kate Hudson,Brenda Song,
2026-05-03,20:02:11,2026-05-03 20:02:11,Running Point: Season 2: We are Broke (Episode 7),Running Point,serie,2,We are Broke,7,22.3,Chrome PC (Cadmium),Comedy,Kate Hudson,Brenda Song,
2026-05-03,20:24:29,2026-05-03 20:24:29,Running Point: Season 2: Gordons vs. McShays (Episode 8),Running Point,serie,2,Gordons vs. McShays,8,26.2,Chrome PC (Cadmium),Comedy,Kate Hudson,Brenda Song,
2026-05-03,20:50:42,2026-05-03 20:50:42,"Running Point: Season 2: Et tu, Cam? (Episode 9)",Running Point,serie,2,"Et tu, Cam?",9,24.0,Chrome PC (Cadmium),Comedy,Kate Hudson,Brenda Song,
2026-05-03,21:14:41,2026-05-03 21:14:41,Running Point: Season 2: Chicago-Style (Episode 10),Running Point,serie,2,Chicago-Style,10,31.5,Chrome PC (Cadmium),Comedy,Kate Hudson,Brenda Song,
2026-05-30,19:25:27,2026-05-30 19:25:27,The Handmaid's Tale: Season 1: Episode 1 (Episode 1),The Handmaid's Tale,serie,1,Episode 1,1,45.0,Hisense ODM MTK9612 4K Android TV Smart TV,Drama,Elisabeth Moss,Yvonne Strahovski,
2026-05-30,20:11:31,2026-05-30 20:11:31,The Handmaid's Tale: Season 1: Episode 1 (Episode 1),The Handmaid's Tale,serie,1,Episode 1,1,15.6,Hisense ODM MTK9612 4K Android TV Smart TV,Drama,Elisabeth Moss,Yvonne Strahovski,
2026-05-30,20:27:22,2026-05-30 20:27:22,The Handmaid's Tale: Season 1: Episode 2 (Episode 2),The Handmaid's Tale,serie,1,Episode 2,2,44.7,Hisense ODM MTK9612 4K Android TV Smart TV,Drama,Elisabeth Moss,Yvonne Strahovski,
2026-05-30,21:12:06,2026-05-30 21:12:06,The Handmaid's Tale: Season 1: Episode 3 (Episode 3),The Handmaid's Tale,serie,1,Episode 3,3,8.8,Hisense ODM MTK9612 4K Android TV Smart TV,Drama,Elisabeth Moss,Yvonne Strahovski,
2026-05-30,21:43:24,2026-05-30 21:43:24,The Handmaid's Tale: Season 1: Episode 3 (Episode 3),The Handmaid's Tale,serie,1,Episode 3,3,15.8,Hisense ODM MTK9612 4K Android TV Smart TV,Drama,Elisabeth Moss,Yvonne Strahovski,
2026-05-30,22:11:07,2026-05-30 22:11:07,The Boroughs: Season 1: Welcome to The Boroughs (Episode 1),The Boroughs,serie,1,Welcome to The Boroughs,1,4.9,Hisense ODM MTK9612 4K Android TV Smart TV,Adventure,Bill Pullman,Jena Malone,
2026-05-30,22:17:06,2026-05-30 22:17:06,Peaky Blinders: The Immortal Man,Peaky Blinders: The Immortal Man,pelicula,,,,113.6,Hisense ODM MTK9612 4K Android TV Smart TV,Crime,Cillian Murphy,Rebecca Ferguson,
2026-05-31,00:13:13,2026-05-31 00:13:13,The Crash,The Crash,pelicula,,,,94.3,Hisense ODM MTK9612 4K Android TV Smart TV,Documentary,Mackenzie Shirilla,Dominic Russo,
2026-06-29,21:29:12,2026-06-29 21:29:12,Love Is Blind: Argentina: Season 2: Somebody to Love (Episode 1),Love Is Blind: Argentina,serie,2,Somebody to Love,1,0.2,DefaultWidevineAndroidPhone,Reality-TV,Wanda Nara,Darío Barassi,
2026-06-29,21:31:24,2026-06-29 21:31:24,Love Is Blind: Argentina: Season 2: Somebody to Love (Episode 1),Love Is Blind: Argentina,serie,2,Somebody to Love,1,59.5,Hisense ODM MTK9612 4K Android TV Smart TV,Reality-TV,Wanda Nara,Darío Barassi,
2026-06-29,22:31:06,2026-06-29 22:31:06,Love Is Blind: Argentina: Season 2: A Knife to the Chest (Episode 2),Love Is Blind: Argentina,serie,2,A Knife to the Chest,2,12.5,Hisense ODM MTK9612 4K Android TV Smart TV,Reality-TV,Wanda Nara,Darío Barassi,
2026-07-01,20:04:26,2026-07-01 20:04:26,Love Is Blind: Argentina: Season 2: A Knife to the Chest (Episode 2),Love Is Blind: Argentina,serie,2,A Knife to the Chest,2,33.8,Hisense ODM MTK9612 4K Android TV Smart TV,Reality-TV,Wanda Nara,Darío Barassi,
2026-07-03,00:47:12,2026-07-03 00:47:12,Love Is Blind: Argentina: Season 2: A Knife to the Chest (Episode 2),Love Is Blind: Argentina,serie,2,A Knife to the Chest,2,11.8,Hisense ODM MTK9612 4K Android TV Smart TV,Reality-TV,Wanda Nara,Darío Barassi,
2026-07-03,00:59:15,2026-07-03 00:59:15,Love Is Blind: Argentina: Season 2: Another Chance at Love (Episode 3),Love Is Blind: Argentina,serie,2,Another Chance at Love,3,62.0,Hisense ODM MTK9612 4K Android TV Smart TV,Reality-TV,Wanda Nara,Darío Barassi,
2026-07-03,02:01:18,2026-07-03 02:01:18,Love Is Blind: Argentina: Season 2: How I Wish I Could Touch You (Episode 4),Love Is Blind: Argentina,serie,2,How I Wish I Could Touch You,4,24.2,Hisense ODM MTK9612 4K Android TV Smart TV,Reality-TV,Wanda Nara,Darío Barassi,
2026-07-03,23:16:29,2026-07-03 23:16:29,Love Is Blind: Argentina: Season 2: How I Wish I Could Touch You (Episode 4),Love Is Blind: Argentina,serie,2,How I Wish I Could Touch You,4,29.5,Hisense ODM MTK9612 4K Android TV Smart TV,Reality-TV,Wanda Nara,Darío Barassi,
2026-07-03,23:46:47,2026-07-03 23:46:47,Million Dollar Secret: Season 2: Millionaire Mind Games (Episode 1),Million Dollar Secret,serie,2,Millionaire Mind Games,1,0.1,Hisense ODM MTK9612 4K Android TV Smart TV,Game-Show,Peter Serafinowicz,Sydnee Falkner,
2026-07-03,23:47:06,2026-07-03 23:47:06,Million Dollar Secret: Season 1: Instant Millionaire (Episode 1),Million Dollar Secret,serie,1,Instant Millionaire,1,49.8,Hisense ODM MTK9612 4K Android TV Smart TV,Game-Show,Peter Serafinowicz,Sydnee Falkner,
2026-07-04,00:36:54,2026-07-04 00:36:54,Million Dollar Secret: Season 1: The Five Suspects (Episode 2),Million Dollar Secret,serie,1,The Five Suspects,2,49.1,Hisense ODM MTK9612 4K Android TV Smart TV,Game-Show,Peter Serafinowicz,Sydnee Falkner,
2026-07-04,01:26:02,2026-07-04 01:26:02,Million Dollar Secret: Season 1: Going to Hell on a Scholarship (Episode 3),Million Dollar Secret,serie,1,Going to Hell on a Scholarship,3,50.6,Hisense ODM MTK9612 4K Android TV Smart TV,Game-Show,Peter Serafinowicz,Sydnee Falkner,
2026-07-04,02:16:42,2026-07-04 02:16:42,Million Dollar Secret: Season 1: Hot Seat for Three (Episode 4),Million Dollar Secret,serie,1,Hot Seat for Three,4,0.1,Hisense ODM MTK9612 4K Android TV Smart TV,Game-Show,Peter Serafinowicz,Sydnee Falkner,
2026-07-04,23:02:18,2026-07-04 23:02:18,Lies and Deceit: Season 1: Do you believe me? (Episode 1),Lies and Deceit,serie,1,Do you believe me?,1,46.8,Hisense ODM MTK9612 4K Android TV Smart TV,Drama,,,
2026-07-04,23:49:10,2026-07-04 23:49:10,Lies and Deceit: Season 1: Consequences (Episode 2),Lies and Deceit,serie,1,Consequences,2,44.6,Hisense ODM MTK9612 4K Android TV Smart TV,Drama,,,
2026-07-05,00:33:51,2026-07-05 00:33:51,Lies and Deceit: Season 1: Hasn’t done a thing (Episode 3),Lies and Deceit,serie,1,Hasn’t done a thing,3,43.3,Hisense ODM MTK9612 4K Android TV Smart TV,Drama,,,
2026-07-05,01:17:14,2026-07-05 01:17:14,Lies and Deceit: Season 1: How many more? (Episode 4),Lies and Deceit,serie,1,How many more?,4,43.0,Hisense ODM MTK9612 4K Android TV Smart TV,Drama,,,
2026-07-05,02:00:27,2026-07-05 02:00:27,Lies and Deceit: Season 1: The truth (Episode 5),Lies and Deceit,serie,1,The truth,5,50.7,Hisense ODM MTK9612 4K Android TV Smart TV,Drama,,,
2026-07-05,02:51:31,2026-07-05 02:51:31,Lies and Deceit: Season 1: We’re so close (Episode 6),Lies and Deceit,serie,1,We’re so close,6,49.8,Hisense ODM MTK9612 4K Android TV Smart TV,Drama,,,
2026-07-05,16:35:33,2026-07-05 16:35:33,Love Is Blind: Argentina: Season 2: Paddling in Place (Episode 5),Love Is Blind: Argentina,serie,2,Paddling in Place,5,59.8,Chrome PC (Cadmium),Reality-TV,Wanda Nara,Darío Barassi,
2026-07-05,17:35:24,2026-07-05 17:35:24,Love Is Blind: Argentina: Season 2: A New Adventure (Episode 6),Love Is Blind: Argentina,serie,2,A New Adventure,6,14.2,Chrome PC (Cadmium),Reality-TV,Wanda Nara,Darío Barassi,
2026-07-07,22:29:16,2026-07-07 22:29:16,Love Is Blind: Argentina: Season 2: A New Adventure (Episode 6),Love Is Blind: Argentina,serie,2,A New Adventure,6,40.4,Chrome PC (Cadmium),Reality-TV,Wanda Nara,Darío Barassi,
2026-07-07,23:09:46,2026-07-07 23:09:46,"Love Is Blind: Argentina: Season 2: Well, Look Who Showed Up (Episode 7)",Love Is Blind: Argentina,serie,2,"Well, Look Who Showed Up",7,52.0,Chrome PC (Cadmium),Reality-TV,Wanda Nara,Darío Barassi,
2026-07-10,23:38:07,2026-07-10 23:38:07,Kill Bill: Vol. 1,Kill Bill: Vol. 1,pelicula,,,,103.7,Hisense ODM MTK9612 4K Android TV Smart TV,Action,Uma Thurman,David Carradine,85
2026-07-11,11:03:10,2026-07-11 11:03:10,Kill Bill: Vol. 2,Kill Bill: Vol. 2,pelicula,,,,125.3,Hisense ODM MTK9612 4K Android TV Smart TV,Action,Uma Thurman,David Carradine,84
2026-07-14,23:59:09,2026-07-14 23:59:09,Love Is Blind: Argentina: Season 2: Bad Influences (Episode 8),Love Is Blind: Argentina,serie,2,Bad Influences,8,57.1,Hisense ODM MTK9612 4K Android TV Smart TV,Reality-TV,Wanda Nara,Darío Barassi,
2026-07-15,00:56:22,2026-07-15 00:56:22,Love Is Blind: Argentina: Season 2: Farewell to Single Life? (Episode 9),Love Is Blind: Argentina,serie,2,Farewell to Single Life?,9,0.0,Hisense ODM MTK9612 4K Android TV Smart TV,Reality-TV,Wanda Nara,Darío Barassi,
2026-07-15,01:07:30,2026-07-15 01:07:30,Love Is Blind: Argentina: Season 2: Farewell to Single Life? (Episode 9),Love Is Blind: Argentina,serie,2,Farewell to Single Life?,9,54.7,DefaultWidevineAndroidPhone,Reality-TV,Wanda Nara,Darío Barassi,
2026-07-15,02:07:09,2026-07-15 02:07:09,Love Is Blind: Argentina: Season 2: The Most Important Decision of My Life (Episode 10),Love Is Blind: Argentina,serie,2,The Most Important Decision of My Life,10,6.9,DefaultWidevineAndroidPhone,Reality-TV,Wanda Nara,Darío Barassi,
2026-07-16,22:53:24,2026-07-16 22:53:24,Love Is Blind: Argentina: Season 2: The Most Important Decision of My Life (Episode 10),Love Is Blind: Argentina,serie,2,The Most Important Decision of My Life,10,21.7,DefaultWidevineAndroidPhone,Reality-TV,Wanda Nara,Darío Barassi,
2026-07-16,23:15:15,2026-07-16 23:15:15,Love Is Blind: Argentina: Season 2: The Reunion (Episode 11),Love Is Blind: Argentina,serie,2,The Reunion,11,59.0,DefaultWidevineAndroidPhone,Reality-TV,Wanda Nara,Darío Barassi,
